Référence vue sur idealo;Prix le plus bas vu (€);Classe;Titre de la tuile
2-PACK;313,99;PRODUIT ABSENT;DeWalt 2-Pack DWE305PK
305X30;83,55;PRODUIT ABSENT;DeWalt 305x30 mm 3 pcs (DT1126-QZ)
350/30;80,62;PRODUIT ABSENT;DeWalt 350/30 mm 96TFZ (DT4291-QZ)
355/25;133;PRODUIT ABSENT;DeWalt 355/25,4 mm 90TFZ (DT1927-QZ)
48-0026;217,25;PRODUIT ABSENT;DeWalt 48-0026
APPRENT5;115,6;PRODUIT ABSENT;DeWalt Apprentice (APPRENT5) miel
AT-DXAM2250;114,99;PRODUIT ABSENT;DeWalt AT-DXAM2250
CHARGEURS.DCD800/DCF887/DCH273/DCG405/DCS572/DCL182-XJ;1170;PRODUIT ABSENT;PACK 6 OUTILS DEWALT ,4 batteries 5Ah 18v,2 chargeurs.DCD800/DCF887/DC
CPROF393;650,35;PRODUIT ABSENT;DEWALT CPROF393 - KIT = DCH273P2 Martillo Electroneumático sin escobil
CROS00400;120,59;PRODUIT ABSENT;DeWALT CROS00400 Chaussures De Travail Crossfire - Noir - Basse Tige -
CROS00410;120,59;PRODUIT ABSENT;DeWALT CROS00410 Chaussures De Travail Crossfire - Noir - Basse Tige -
CROS00430;115;PRODUIT ABSENT;DeWALT CROS00430 Chaussures De Travail Crossfire - Noir - Basse - Tail
CROS00440;120,59;PRODUIT ABSENT;DeWALT CROS00440 Chaussures De Travail Crossfire - Noir - Basse - Tail
CROS00450;115;PRODUIT ABSENT;DeWALT CROS00450 Chaussure De Travail Crossfire - Noir - Basse - Taill
CROS00460;120,59;PRODUIT ABSENT;DeWALT CROS00460 Chaussure De Travail Crossfire - Noir - Basse - Taill
D240001;91,96;PRODUIT ABSENT;DeWalt D240001
D259811;95,35;PRODUIT ABSENT;DeWalt Chariot pour démolisseur (D259811)
D271054-XJ;77,83;PRODUIT ABSENT;DeWalt D271054-XJ
DCB1102D2-QW;91,36;PRODUIT ABSENT;Dewalt DCB1102D2-QW Pack 2 Batteries XR 18V - 2.0Ah Li-Ion + Chargeur
DCB1102E2-GB;174,99;PRODUIT ABSENT;DeWalt DCB1102E2-GB
DCB1102E2-QW;232,99;PRODUIT ABSENT;Dewalt - Pack 2 batteries POWERSTACK XR 18V 1.7Ah Li-Ion + chargeur - 
DCB1102MDR-QW;134,21;PRODUIT ABSENT;Dewalt DCB1102MDR-QW Pack 2 batteries 4.0Ah + 2.0Ah XR 18V Li-Ion + ch
DCB140;98,16;PRODUIT ABSENT;DeWalt DCB140
DCD100YP2T;300;PRODUIT ABSENT;DeWalt DCD100YP2T
DCE560D1-QW;581,99;PRODUIT ABSENT;DeWalt DCE560D1-QW
DCE560N-XJ;247,49;PRODUIT ABSENT;DeWalt DCE560N-XJ
DCF630E1;335,52;PRODUIT ABSENT;DEWALT Pistolet à vis 20 V MAX pour cloison sèche, batterie et chargeu
DCH334X2;1441,75;PRODUIT ABSENT;DeWalt DCH334X2
DCH334X2-QW;1441,75;PRODUIT ABSENT;DeWalt DCH334X2-QW (2x 9 Ah + chargeur rapide en boîte STAK)
DCK2055T2T-QW;608,77;PRODUIT ABSENT;DeWalt Combo pack DCK2055T2T-QW
DCK376T2T;1182;PRODUIT ABSENT;Kit DeWALT DCK376T2T (DCH333 + DCG418 + DCD996 + 2 x 54V/18V 6,0 Ah + 
DCK694P3;810;PRODUIT ABSENT;Pack 6 outils 18V XR (3x5,0 Ah) avec 2 coffrets TSTAK - DEWALT DCK694P
DCL043-XJ;180,93;PRODUIT ABSENT;DEWALT Projecteur de Chantier Compact XR Sans Fil - Sans Batterie Ni C
DCL183;79,2;PRODUIT ABSENT;DeWalt DCL183 Lampe Torche Rechargeable USB 3,6V 1200lm (DCL183-XJ)
DCLE14361;499,9;PRODUIT ABSENT;DeWalt DCLE14361 Niveau Laser 3x 360° faisceau vert, rechargeable USB 
DCN210SN-XJ;481,74;PRODUIT ABSENT;DEWALT Cloueur de finition 18V XR 18Ga, outil seul, DCN210SN-XJ
DCN695P2;819,62;PRODUIT ABSENT;DeWalt DCN695P2
DCN890;583,12;PRODUIT ABSENT;DeWalt DCN890
DCN8905-XJ;193,09;PRODUIT ABSENT;DeWalt Barre d'extension pour cloueur DCN890 (DCN8905-XJ)
DCN890N;583,12;PRODUIT ABSENT;DeWalt DCN890N
DCN890P2;699,83;PRODUIT ABSENT;DeWalt DCN890P2 XR
DCS16150;86,46;PRODUIT ABSENT;DeWALT Dcs16150 Lot de 2 1-1/5,1 cm en Calibre 16 Finition Vernis à on
DCT4103;109,76;PRODUIT ABSENT;Cable D'Extension Pour Caméra D'Inspection Dewalt - Dct4103 G
DCV580H;413,45;PRODUIT ABSENT;DeWALT Dcv580h 18/20 V Max sans fil 20 V sous vide
DDF6510020;75,99;PRODUIT ABSENT;DEWALT DDF6510020 - Clavos 20mm x 2,6 mm para fijación a gas C5 Track-
DDW2;108,84;PRODUIT ABSENT;DeWalt Taloche plate FLEX acier inoxydable 0,4mm manche cuir 14 pouces
DE0738;130,5;PRODUIT ABSENT;DeWalt DE0738
DE0881-XJ;79,71;PRODUIT ABSENT;"Dewalt DE0881-XJ Trépied Laser Aluminium, Argent, 1/4"""
DE3754-XJ;97,36;PRODUIT ABSENT;DeWalt DE3754-XJ Retour Automatique 0 V Jaune/Noir
DE7260-XJ;198,36;PRODUIT ABSENT;DeWalt DE7260-XJ
DE7400;184,97;PRODUIT ABSENT;DeWalt DE7400
DE7450;76,14;PRODUIT ABSENT;DeWalt DE7450
DEWDT7612M;417;PRODUIT ABSENT;DEWALT DEWDT7612M A- K Écrans
DEWMEM3233-TB;84,9;PRODUIT ABSENT;Vetement de protection Dewalt - DEWMEM3233-TB - Memphis Pantalons de T
DEWMEM3831-TB;85,95;PRODUIT ABSENT;DEWALT Dewmem3831-tb Memphis Holster Pantalon Tour de Taille 96,5 cm J
DEWMEM3833-TB;84,9;PRODUIT ABSENT;DEWALT Dewmem3833-tb Memphis Holster Pantalon pour Homme Tour de Taill
DEWMEM4029-TB;85,95;PRODUIT ABSENT;DEWALT Dewmem4029-tb Memphis Holster Pantalon pour Homme Tour de Taill
DEWMEM4229-TB;84,9;PRODUIT ABSENT;DEWALT Dewmem4229-tb Memphis Holster Pantalon pour Homme Tour de Taill
DGCL33;237,03;PRODUIT ABSENT;DEWALT DGCL33 Sac à dos lumineux avec 33 poches pour outils de chargem
DNBDA1564GZ;76,55;PRODUIT ABSENT;DEWALT DNBDA1564GZ - Clavos 1,8mm x 64mm 15GA GALV , Argent , 64mm
DNM50;118,99;PRODUIT ABSENT;DEWALT Clou d'ancrage DEWALT DNM 50 mm 33 degrés tige annulaire Galvan
DNN2040E;76,54;PRODUIT ABSENT;DEWALT DNN2040E Coil Clou 2.03-40 Plain 17,5 m
DNPT2863Z;80,05;PRODUIT ABSENT;Dewalt DNPT2863Z Pointes en bande papier 33° 2.8x63mm
DNR3122GZ;78,73;PRODUIT ABSENT;DeWalt Clou en rouleau DNR 22mm 7200 pcs lisse galvanisé (DNR3122GZ)
DP43-QZ;76,31;PRODUIT ABSENT;DEWALT DP43-QZ Petite Boîte d'Accessoires - 25 x T25 25mm - Pour Perce
DPG17;119,99;PRODUIT ABSENT;DeWalt DPG17 Casque Anti-Bruit Sans Fil Bluetooth (DPG17)
DPG17-BX;86,62;PRODUIT ABSENT;DeWalt DPG17-BX Casque Protecteur Bluetooth 31dB (DPG17-BX EU)
DRS18100-XJ;79,3;PRODUIT ABSENT;DeWalt DRS18100-XJ 25mm Insulated cable staples
DT1306-QZ;81,86;PRODUIT ABSENT;DeWalt DT1306-QZ - Hoja de sierra para ensambladora 102mm
DT20460-QZ;90,08;PRODUIT ABSENT;DeWalt Elite Series Meule Diamant Polyvalente 305x25,4mm (DT20460-QZ)
DT20501-QZ;93,52;PRODUIT ABSENT;Dewalt - Renvoi d'angle flexible pour visseuse à chocs - DT20501-QZ
DT20734B/QZ;801,77;PRODUIT ABSENT;DEWALT Multi outil Lame de scie, 67 x 30 mm, 100 pièces, noir, dt20734
DT20736B/QZ;1392,14;PRODUIT ABSENT;DEWALT Multi outil Lame de scie, 43 x 65 mm, 100 pièces, noir, dt20736
DT3115-QZ;163,07;PRODUIT ABSENT;DEWALT Ponceuse Excentrique XR 18V 125mm Brushless - Appareil Électriq
DT3380-QZ;77,99;PRODUIT ABSENT;DeWalt Disque de ponçage carbure de silicium K400 125 mm (DT3380-QZ)
DT3886;77,43;PRODUIT ABSENT;DeWalt DT3886
DT4218-QZ;79,99;PRODUIT ABSENT;DeWalt DT4218-QZ
DT4290;79,99;PRODUIT ABSENT;DeWalt DT4290
DT4338-QZ;77,96;PRODUIT ABSENT;DeWalt DT4338-QZ
DT4940-QZ;78,04;PRODUIT ABSENT;DeWalt DT4940-QZ
DT5557-QZ;103,54;PRODUIT ABSENT;DeWALT DT5557-QZ foret
DT5562;78,25;PRODUIT ABSENT;DeWalt EXTREME 2 HSS-G foret métal 12,5 x 151 x 98 mm grand pack DT556
DT60302-QZ;394,26;PRODUIT ABSENT;DEWALT - Perforateur-Burineur SDS-PLUS Brushless 2.6J 18V 4Ah Li-Ion -
DT60809-QZ;103,19;PRODUIT ABSENT;DEWALT DT60809-QZ - Broca SDS-Max XLR 16x340mm 4 cortes G
DT6790-QZ;381,05;PRODUIT ABSENT;DEWALT dt6790 DEWALT DEWALT DEWALT 55 mm de forage Bit (55) dt6790-qz 
DT6791;403,74;PRODUIT ABSENT;DEWALT percée Foret SDS-max 65 x 390 x 550 mm, dt6791 QZ
DT6837-QZ;89,51;PRODUIT ABSENT;DeWalt 38 x 280mm (DT6837-QZ)
DT70759-QZ;90,76;PRODUIT ABSENT;DeWalt DT70759-QZ
DT71563-QZ;1813,87;PRODUIT ABSENT;DEWALT Kit Premium 8 Outils XR 18V 5Ah Brushless - Perceuse Visseuse à
DT7506-QZ;77,99;PRODUIT ABSENT;DeWalt DT7506-QZ
DT7926-XJ;79,03;PRODUIT ABSENT;DeWalt DT7926-XJ
DT8090-QZ;117,17;PRODUIT ABSENT;DeWALT DT8090-QZ pelle et pioche Acier Aluminium
DT8969-QZ;77,57;PRODUIT ABSENT;DeWalt DT8969-QZ
DT9445-QZ;97,99;PRODUIT ABSENT;DeWalt SDS-max 40x570x450 mm DT9445-QZ
DT9572-QZ;81,23;PRODUIT ABSENT;DeWalt SDS-plus 14x1000x950 mm DT9572-QZ
DT9679-QZ;246,69;PRODUIT ABSENT;DEWALT Perforateur SDS-PLUS Brushless 2J XR 18V - Marteau Perforateur 
DT9766;155,1;PRODUIT ABSENT;DeWalt Couronne de forage humide diamant 1 1/4 pouce UNC universel 91 
DW0881T;174,73;PRODUIT ABSENT;DEWALT DW0881T Laser Tripod with Tilting Head
DW096PK;358,96;PRODUIT ABSENT;DeWalt DW096PK
DW1369;108,34;PRODUIT ABSENT;DeWALT Dw1369 29 Titanium Pilot-point de forets
DW1648;169,98;PRODUIT ABSENT;DeWALT Dw1648 Self Feed Kit 5
DW257;140,98;PRODUIT ABSENT;DeWALT Dw257 du pont de 6,2 Amp/Tournevis pour cloison sèche
DW5258;85,69;PRODUIT ABSENT;DeWALT Dw5258 6-1/5,1 cm par 48T Ultra Fine Finition Tracksaw Lame
DW5902;108,34;PRODUIT ABSENT;DeWALT Dw5902 2-1/5,1 cm par 10,2 cm Core Bit Corps
DW7027;77,5;PRODUIT ABSENT;DEWALT Support de scie à onglet (DW7027) - Large - Jaune
DW7666;110,29;PRODUIT ABSENT;DeWALT Dw7666 80T Lame non ferreux, 30,5 cm
DWA7889;185,75;PRODUIT ABSENT;DeWALT Dwa7889 100 dents de coupe Aluminium 2,5 cm Tonnelle, 35,6 cm
DWC147-004;85,95;PRODUIT ABSENT;DEWALT Workwear Memphis DWC147-004 Pantalon de travail multi-poches Gr
DWC410;170,08;PRODUIT ABSENT;DeWalt DWC410
DWE4056;76;PRODUIT ABSENT;DeWalt DWE4056
DWE6411;78,52;PRODUIT ABSENT;DeWalt DWE6411
DWH051-XJ;106,03;PRODUIT ABSENT;DeWalt Suction device DWH051-XJ
DWH052-XJ;90;PRODUIT ABSENT;DeWalt Système d'extraction des poussières pour démolisseurs (DWH052-X
DWH302DH;122,85;PRODUIT ABSENT;DEWALT DWH302DH Heavy Duty Table 1 Compliant Replacement Dust Box
DWS5100;78,69;PRODUIT ABSENT;DWS5100 Clôture à double port pour DCS577 300 mm
DWST08320;199,89;PRODUIT ABSENT;Two-Drawer Unit -DWST08320
DWST086502;200,37;PRODUIT ABSENT;DEWALT ToughSystem 2.0 DXL Kit de rangement d'outils d'atelier portabl
DWST17623;94,25;PRODUIT ABSENT;DeWalt TSTAK 16-inch Durable Tote with Tool Organizer and Hard Bottom 
DWST17624;83,42;PRODUIT ABSENT;DEWALT Sac à Outils, Petite Pochette à Outils Facile d'accès avec Fond
DWST82823;108,78;PRODUIT ABSENT;DEWALT Organiseur d'outils, Support pour Outils électriques, se Monte 
DWST83520-1;84,61;PRODUIT ABSENT;DeWalt TSTAK IP54 Boîte Profonde et Organiseur (DWST83520-1)
DXBC10000J-6PK;151,14;PRODUIT ABSENT;DEWALT DXBC10000J-6PK Lot de 6 Sangles à cliquet Noir/Jaune, 5 cm x 8 
DXCMB2M100HE;650,29;PRODUIT ABSENT;DEWALT DXCMB2M100HE - Compresseur d'air électrique monophasé à courroi
DXCMB3M101HE;744,33;PRODUIT ABSENT;DeWalt DXCMB3M101HE - Compresseur d'air électrique par courroie - Mote
DXCMB3M200HE;883,46;PRODUIT ABSENT;DeWalt DXCMB3M200HE - Compresseur d'air électrique monophasé à courroi
DXCMB3M201HE;919,83;PRODUIT ABSENT;DeWalt DXCMB3M201HE - Compresseur d'air électrique monophasé par courr
DXCMB3T200HE;922,95;PRODUIT ABSENT;DeWalt DXCMB3T200HE - Compresseur d'air électrique triphasé par courro
DXCMB3T201HE;916,34;PRODUIT ABSENT;DeWalt DXCMB3T201HE - Compresseur d'air électrique triphasé par courro
DXCMB4T100HE;843,98;PRODUIT ABSENT;DeWalt DXCMB4T100HE Compresseur d'air 100l 10 bar (DXCMB4T100HE)
DXCMB4T270HCE;1444,55;PRODUIT ABSENT;DEWALT DXCMB4T270HCE - Compresseur d'air électrique triphasé par courr
DXCMB4T270HE;1105,27;PRODUIT ABSENT;DEWALT DXCMB4T270HE - Compresseur d'air électrique triphasé par courro
DXCMS15RE;240,08;PRODUIT ABSENT;DeWALT DXCMS15RE Compresseur Silencieux Sans Huile - 5 L - 10 Bars
DXIR1FFMMP3;191,99;PRODUIT ABSENT;DeWalt DXIR1FFMMP3 Masque Complet Léger Réutilisable Avec Filtres P3 -
DXSTAH025;117,04;PRODUIT ABSENT;DeWalt DXSTAH025
DXSTFH030;169,99;PRODUIT ABSENT;DeWalt DXSTFH030
DXTT-2-916;87,84;PRODUIT ABSENT;DeWalt Lame de lissage 406mm flexible en acier inoxydable (DXTT-2-916)
DXV38SC;181,03;PRODUIT ABSENT;DeWalt DXV38SC Aspirateur Eau et Poussières Inox 1050W 240V (DXV38SC)
DXVA13-0801;104,88;PRODUIT ABSENT;DEWALT DXVA13-0801 Kit d'accessoires pour tuyau d'aspiration de voitur
DXWT-200;117,04;PRODUIT ABSENT;DeWalt DXWT-200
DXWT-201;127,99;PRODUIT ABSENT;DeWalt DXWT-201
DXWT-202;189,99;PRODUIT ABSENT;DeWalt DXWT-202
EU2-960;95,94;PRODUIT ABSENT;DeWalt EU2-960 Taloche de Finition en Acier Inoxydable doré 11,5in (EU
EU2-961;111,8;PRODUIT ABSENT;DeWalt EU2-961 Truelle de finition acier inoxydable doré 12in (EU2-961
GARR00410;100;PRODUIT ABSENT;DeWALT GARR00410 Chaussure De Travail Garrison - Noir - Basse - Taille
GARR00460;100;PRODUIT ABSENT;DeWALT GARR00460 Chaussure De Travail Garrison - Noir - Basse - Taille
GBH18V-21;522,76;PRODUIT ABSENT;Bosch Professional 18V System Perceuse sans fil GBH 18V-21 & 18V Syste
GDE1220MH;91,94;PRODUIT ABSENT;Batterie 12v 2ah ni-mh - AKKU POWER GMBH - - GDE1220MH
HADL00420;100;PRODUIT ABSENT;DeWALT HADL00420 Chaussure De Travail Hadley - Noir - Haute - Taille 4
HADL00430;100;PRODUIT ABSENT;DeWALT HADL00430 Chaussure De Travail Hadley - Noir - Haute - Taille 4
HADL00440;100;PRODUIT ABSENT;DeWALT HADL00440 Chaussure De Travail Hadley - Noir - Haute - Taille 4
HADL00460;100;PRODUIT ABSENT;DeWALT HADL00460 Chaussure De Travail Hadley - Noir - Haute - Taille 4
HADL05400;100;PRODUIT ABSENT;DeWALT HADL05400 Chaussure De Travail Hadley - Marron - Tige Haute - P
HADL05410;100;PRODUIT ABSENT;DeWALT HADL05410 Chaussure De Travail Hadley - Marron - Tige Haute - P
HADL05420;100;PRODUIT ABSENT;DeWALT HADL05420 Chaussure De Travail Hadley - Marron - Tige Haute - P
HADL05430;100;PRODUIT ABSENT;DeWALT HADL05430 Chaussure De Travail Hadley - Marron - Tige Haute - P
HADL05440;100;PRODUIT ABSENT;DeWALT HADL05440 Chaussure De Travail Hadley - Marron - Tige Haute - P
HADL05450;100;PRODUIT ABSENT;DeWALT HADL05450 Chaussure De Travail Hadley - Marron - Tige Haute - P
HADL05460;100;PRODUIT ABSENT;DeWALT HADL05460 Chaussure De Travail Hadley - Marron - Haute - Taille
HSS32;77,26;PRODUIT ABSENT;DEWALT-fraise à carotter HSS 32 mm
MARRON-V.5;89,05;PRODUIT ABSENT;DeWALT Dewalt Apprentice, Chaussures de sécurité hommes - Marron (Marr
N093107;86,61;PRODUIT ABSENT;Induit moteur n093107 pour Scie a onglets
TECH3;266;PRODUIT ABSENT;Veste Softshell Yamaha Tech3 noir/jaune taille L DEWALT PROMOVIS-GLA
VDCB105D2;105,48;PRODUIT ABSENT;DeWalt Starter-Kit 2 x 2,0 Ah Batteries VDCB105D2
XR2WP2T;559;PRODUIT ABSENT;DeWalt DCK XR2WP2T
XRP18;186,06;PRODUIT ABSENT;DeWalt Perceuse visseuse percussion Premium XRP 18V - sans batterie ni
D25033;107,18;variante absente;DeWalt D25033
D25134KP;190;variante absente;DeWalt D25134KP
D25144KP;292,39;variante absente;DeWalt D25144KP
D25981K-QS;1665,18;variante absente;DeWalt D25981K-QS
D26500;217,3;variante absente;DeWalt D26500
D27107;1501,49;variante absente;DeWalt D27107
D28492;186,96;variante absente;DeWalt D28492
DCB094;164,17;variante absente;Dewalt DCB094 Kit de charge USB 18 V et 54 V
DCB1104D2-QW;116,7;variante absente;DeWalt DCB1104D2-QW
DCB1104H1-QW;146,35;variante absente;Dewalt DCB1104H1-QW Pack - Chargeur + Batterie Powerstack XR 18V - 5Ah
DCB1104H2-QW;174,9;variante absente;DeWalt DCB1104H2-QW
DCB1104M2-QW;180,12;variante absente;DeWalt DCB1104M2-QW
DCB1104P1-QW;95,31;variante absente;Dewalt DCB1104P1-QW Pack 1 X 5.0 Ah Batterie - XR - 18V - Li-Ion + Cha
DCB1104P2-QW;144,38;variante absente;DeWalt DCB1104P2-QW
DCB1104P3-QW;217,86;variante absente;DeWalt DCB1104P3-QW
DCB115H2-QW;289,9;variante absente;Starter-Kit 18V Powerstack (2x5,0 Ah) avec chargeur - DCB115H2-QW
DCB115M2-QW;179,99;variante absente;Kit de démarrage de batterie DEWALT DCB115M2-QW 18V Li-Ion XR 4Ah
DCB115P1;101,72;variante absente;Dewalt DCB115P1 Pack batterie XR 18V 5Ah Li-Ion + chargeur
DCB115P2;158,24;variante absente;DeWalt Starter-Kit DCB115P2
DCB115P3;238,42;variante absente;DeWalt Starter-Kit (DCB115P3)
DCB118T2;241,19;variante absente;DeWalt DCB118T2
DCB118T2-QW;309,59;variante absente;DeWALT DCB118T2-QW Kit De Démarrage Pour Batterie Li-ion FlexVolt 18 V
DCB118T3-QW;444,9;variante absente;DeWalt DCB118T3-QW
DCB118X3-QW;414;variante absente;DeWalt DCB118X3-QW FlexVolt
DCB118Y1;278,57;variante absente;DeWalt DCB 118 Y1 Kit de démarrage sans fil 18 V / 54 V 1x XR FLEXVOLT
DCB132T2;273;variante absente;DeWalt Starter-Set FlexVolt DCB132T2
DCB132X1;281;variante absente;DeWalt FlexVolt Groupe Électrogène 54V/18V 9,0Ah (DCB132X1)
DCB132X2-QW;325;variante absente;DeWalt Starter-Set DCB132X2-QW FlexVolt
DCB184G-XJ;84,9;variante absente;DeWalt DCB184G-XJ XR 5.0 Ah
DCB184LR;99,41;variante absente;DeWalt DCB184LR XR Lanyard Ready Slide Batterie 18V 5,0Ah Li-ion (DEWD
DCB184P1-QW;97,21;variante absente;Dewalt DCB184P1-QW Pack 1 X 5.0 Ah Batterie - XR - 18V - Li-Ion + Char
DCB184P10;638,45;variante absente;Dewalt DCB184P10 Lot de batteries 10 x DCB184 18V Li-Ion XR - 10 X 5.0
DCB184P2-XJ;118,88;variante absente;DeWalt DCB184P2-XJ XR 5.0 Ah
DCB184P3;214,7;variante absente;Kit de démarrage DeWALT 18V 3 batteries 5Ah DCB184P3
DCB184P5;323,94;variante absente;Dewalt DCB184P5 Lot de batteries 5 x DCB184 18V Li-Ion XR - 5 X 5.0Ah
DCB546T2-XJ;209,9;variante absente;DeWalt DCB546T2-XJ 54V/18V Flexvolt 6Ah
DCB547G;185,18;variante absente;DeWalt DCB547G XR FlexVolt Batterie 18/54V 9,0Ah Li-Ion (DCB547G-XJ)
DCB547X2;278,48;variante absente;Batterie pour outil sans fil 18/54V XR FLEXVOLT 9,0 Ah - DEWALT DCB547
DCB547X2-XJ;275,12;variante absente;DeWalt DCB547X2-XJ
DCB548Y2;396;variante absente;DeWalt XR FLEXVOLT 2x - 18/54V 12Ah ( DCB548Y2 )
DCBP034E2-XJ;120,18;variante absente;DeWalt DCBP034E2-XJ
DCBP034E3;210,53;variante absente;DeWalt Kit batterie DCBP 034 E3 3x batterie Powerstack 18 V 1,7 Ah / 1
DCBP034E4;278;variante absente;DeWalt Kit batterie DCBP 034 E4 4x batterie Powerstack 18 V 1,7 Ah / 1
DCBP034G-XJ;90,9;variante absente;DeWalt DCBP034G-XJ
DCBP518H2-XJ;201,73;variante absente;DeWalt DCBP518H2-XJ - 2 batteries Powerstack
DCBP518H4;522,19;variante absente;DeWalt Kit batterie DCBP 518 H4 4x batteries Powerstack 18 V 5,0 Ah / 
DCC018M1;243,9;variante absente;DeWalt DCC018M1
DCD1007;199,58;variante absente;DeWalt DCD1007
DCD1007H1T-QW;386,21;variante absente;Dewalt DCD1007H1T-QW Perceuse-visseuse a percussion sans fil 18 V 169N
DCD1007H2T-QW;471,55;variante absente;DeWalt DCD1007H2T-QW
DCD1007P1T-QW;324,86;variante absente;Dewalt DCD1007P1T-QW Perceuse-visseuse a percussion sans fil 18 V 169N
DCD1007P2T-QW;382,96;variante absente;Dewalt DCD1007P2T-QW Perceuse-visseuse a percussion sans fil 18 V 169N
DCD1007WW1T;418,31;variante absente;DeWalt DCD1007WW1T
DCD150X2-QW;1679,9;variante absente;Carotteuse XR FLEXVOLT 54V Brushless 54V 9Ah- DCD150X2-QW DEWALT
DCD1623X2G;2392,49;variante absente;DeWalt DCD1623X2G With 2x9.0Ah 18V/54V Batteries And Charger
DCD240X2-GB;806,86;variante absente;DeWalt XR Flexvolt Malaxeur à Palette sans Balais 54V (DCD240X2-GB)
DCD240X2-QW;649;variante absente;DeWalt DCD240X2-QW
DCD460;1104,49;variante absente;DeWalt DCD460
DCD701B;232;variante absente;DeWalt DCD701B
DCD703;146,39;variante absente;DeWalt DCD703
DCD703L2T-QW;229,52;variante absente;DeWalt DCD703L2T-QW
DCD706;158,03;variante absente;DeWalt DCD706
DCD708;188,04;variante absente;DeWalt DCD708 E1T (1x1,7 Ah + Chargeur + TSTAK)
DCD708D1T;147,08;variante absente;DeWalt DCD708D1T
DCD708D1T-QW;142,38;variante absente;Dewalt DCD708D1T-QW Perceuse visseuse sans fil Brushless XR 65Nm 18V 1
DCD708D2T;151,9;variante absente;DeWalt DCD708D2T
DCD708E2T;263,55;variante absente;DeWalt DCD 708 E2T Perceuse-visseuse sans fil 18 V 65 Nm Brushless + 2
DCD708H1;244,27;variante absente;DeWalt DCD 708 H1 Perceuse-visseuse sans fil 18 V 65 Nm Brushless + 1x
DCD708H2;372,79;variante absente;DeWalt DCD 708 H2 Perceuse-visseuse sans fil 18 V 65 Nm Brushless + 2x
DCD708M1;173,58;variante absente;DeWalt DCD 708 M1 Perceuse-visseuse sans fil 18 V 65 Nm Brushless + 1x
DCD708M1T;189,65;variante absente;DeWalt DCD708M1T
DCD708M2;231,42;variante absente;DeWalt DCD 708 M2 Perceuse-visseuse sans fil 18 V 65 Nm Brushless + 2x
DCD708M2T;247,48;variante absente;DeWalt DCD708M2T
DCD708MDR-QW;199,32;variante absente;Dewalt DCD708MDR-QW Perceuse visseuse sans fil Brushless XR 65Nm 18V -
DCD708N;143,06;variante absente;DeWalt DCD 708 N Perceuse-visseuse sans fil 18 V 65 Nm Brushless + 1x 
DCD708P1;180,01;variante absente;DeWalt DCD 708 P1 Perceuse-visseuse sans fil 18 V 65 Nm Brushless + 1x
DCD708P1T;196,07;variante absente;DeWalt DCD708P1T
DCD708P1T-QW;184,71;variante absente;Dewalt DCD708P1T-QW Perceuse visseuse sans fil Brushless XR 65Nm 18V -
DCD708P2;244,27;variante absente;DeWalt DCD 708 P2 Perceuse-visseuse sans fil 18 V 65 Nm Brushless + 2x
DCD708P2T;249,23;variante absente;DeWalt DCD708P2T
DCD708P3T-QW;314,92;variante absente;DeWalt DCD708P3T-QW
DCD708S2T;183,52;variante absente;DeWalt DCD708S2T
DCD709;83,21;variante absente;DeWalt DCD709
DCD709D1T-QW;153,91;variante absente;Dewalt DCD709D1T-QW Perceuse à percussion sans fil XR 18V 65Nm 2 vites
DCD709D2T;180,08;variante absente;DeWalt DCD709D2T
DCD709L2T;323,75;variante absente;DeWalt DCD709L2T
DCD709M1;217,37;variante absente;Dewalt 18V Impact Driver Dcd709M1 65Nm 1X4.0Ah
DCD709M1T;197,97;variante absente;Perceuse à percussion sans fil DeWalt DCD 709 M1T 18 V 65 Nm + 1 batte
DCD709M2T;211,9;variante absente;DeWalt DCD709M2T
DCD709N;84,9;variante absente;DeWalt DCD709N
DCD709N-XJ;83,21;variante absente;DeWalt DCD709N-XJ
DCD709P1T-QW;194,89;variante absente;Dewalt DCD709P1T-QW Perceuse à percussion sans fil XR 18V 65Nm 2 vites
DCD709P2T-QW;246,4;variante absente;DeWalt DCD709P2T-QW
DCD709S2T;204,86;variante absente;DeWalt DCD709S2T
DCD710D2;112,74;variante absente;DeWalt DCD710D2
DCD716;141,04;variante absente;DeWalt DCD716
DCD732;324,94;variante absente;DeWalt DCD732
DCD740C1;283;variante absente;DeWalt DCD740C1
DCD740D2-QW;254,96;variante absente;Dewalt DCD740D2-QW Perceuse dangle 18V - 2 X 2.0Ah Batreries + chargeu
DCD740N;144,31;variante absente;DeWalt DCD740N (sans batterie)
DCD740NT;154,4;variante absente;DeWalt DCD740NT (Solo+TSTAK II)
DCD771S2-QW;144,6;variante absente;DeWalt DCD771S2-QW 18V (1,5Ah)
DCD776;157,35;variante absente;DeWalt DCD776
DCD776C2;380;variante absente;DeWalt DCD776C2
DCD776C3-QW;299;variante absente;DeWalt XR DCD776C3-QW
DCD776D2;157,35;variante absente;DeWalt DCD776D2
DCD777;84,9;variante absente;DeWalt DCD777
DCD777D2K-QW;459,61;variante absente;DeWalt DCD777D2K-QW (2 x 2,0 Ah + chargeur + jeu d'embouts + coffret)
DCD777D2T;172;variante absente;DeWalt DCD777D2T 18 V Brushless XR Lithium 18 V mit 2 x 2,0 Ah Batteri
DCD777L2T;332,44;variante absente;DeWalt DCD777L2T
DCD777M2;219,9;variante absente;DeWalt DCD777M2
DCD777M2TA;250,81;variante absente;DeWalt DCD777M2TA (2x 4,0 Ah)
DCD777N;84,9;variante absente;DeWalt DCD777N
DCD777P1-QW;179,99;variante absente;DeWalt DCD777P1-QW
DCD777S2T;163,77;variante absente;DeWalt DCD777S2T
DCD778D2T;176,09;variante absente;DeWalt DCD778D2T avec coffret T-STAK (2x 2,0 Ah)
DCD778D2TA;341,69;variante absente;DeWalt DCD778D2TA avec coffret T-STAK et set d'embouts (2x 2.0 Ah)
DCD778L2T;263,36;variante absente;DeWalt DCD778L2T (2 x 3,0 Ah + Chargeur Rapide) dans Coffret T STAK
DCD778M2T;199,99;variante absente;DeWalt DCD778M2T
DCD778S2T-QW;199,18;variante absente;DeWalt DCD778S2T-QW 18 V Set
DCD790;319;variante absente;DeWalt DCD790
DCD790M2-QW;319;variante absente;DeWalt DCD790M2-QW
DCD791D1-QW;163,75;variante absente;Dewalt DCD791D1-QW Set perceuse visseuse Li-Ion 18V (1x batterie 2.0Ah
DCD791D2-QW;178,92;variante absente;DeWalt DCD791D2-QW
DCD791E1;206,11;variante absente;DeWalt DCD 791 E1 Perceuse-visseuse sans fil 18 V 70 Nm Brushless + 1x
DCD791E2;284,83;variante absente;DeWalt DCD 791 E2 Perceuse-visseuse sans fil 18 V 70 Nm Brushless + 2x
DCD791L2T;296,29;variante absente;DeWalt DCD791L2T
DCD791M1;204,11;variante absente;Perceuse-visseuse sans fil DeWalt DCD 791 M1 18 V 70 Nm Brushless + 1 
DCD791M2;261,94;variante absente;Perceuse-visseuse sans fil DeWalt DCD 791 M2 18 V 70 Nm Brushless + 2 
DCD791P1;211,74;variante absente;DeWalt DCD791P1 (1x 5,0 Ah + chargeur)
DCD791P1-QW;194,78;variante absente;Dewalt DCD791P1-QW Perceuse visseuse compacte XR 18V 5Ah Li-Ion Brushl
DCD791P2;223,12;variante absente;DeWalt DCD791P2 (2 x 5,0 Ah)
DCD791P2A;437,04;variante absente;DeWALT - Set perceuse-visseuse et clé à choc sans fil 18V, 2 batteries
DCD791P3A-QW;450,01;variante absente;DeWalt DCD791P3A-QW
DCD791P3K;452,1;variante absente;DeWalt DCD791P3K
DCD792;333,59;variante absente;DeWalt DCD792
DCD792P2B;449,45;variante absente;DeWalt DCD792P2B
DCD795;228,23;variante absente;DeWalt DCD795
DCD795D2;344,9;variante absente;DeWalt DCD795D2
DCD795M1;228,23;variante absente;DeWalt DCD795M1
DCD795M2;260,87;variante absente;DeWalt DCD795M2
DCD795N;204,2;variante absente;DeWalt DCD795N Perceuse à Percussion Brushless XR 18V (DCD795N)
DCD795P2;421,89;variante absente;DeWalt DCD795P2
DCD796D1-QW;161,48;variante absente;Dewalt DCD796D1-QW Perceuse Visseuse Percussion Compact XR 18V Li-Ion 
DCD796D1T;181;variante absente;Perceuse-visseuse à percussion DeWALT DCD796D1T (1 x 2,0 Ah + DCB107 +
DCD796D2;216,85;variante absente;DeWalt DCD796D2
DCD796D2-QW;168,97;variante absente;DeWalt DCD796D2-QW
DCD796D2A;275,96;variante absente;DeWALT - Perceuse-visseuse à percussion sans fil 18 V, avec accessoire
DCD796D2PK-QW;397,67;variante absente;DeWalt DCD796D2PK-QW
DCD796D2T;219;variante absente;Perceuse-visseuse à percussion DeWALT DCD796D2T (2 x 2,0 Ah + DCB107 +
DCD796E1;178;variante absente;DeWalt DCD 796 E1 Perceuse-visseuse à percussion sans fil 18 V 70 Nm B
DCD796E1T;184,03;variante absente;DeWalt DCD796E1T
DCD796M1;189,74;variante absente;Dewalt DCD796M1 Perceuse à percussion 18V XR (1x 4,0Ah) + chargeur en 
DCD796M2;239,25;variante absente;Dewalt DCD796M2 Perceuse à percussion 18V XR (2x 4,0Ah) + chargeur en 
DCD796M2-QW;270,94;variante absente;DEWALT - Perceuse-Visseuse à Percussion Brushless XR 18 V, 2 Batteries
DCD796P1;192,27;variante absente;DeWalt DCD796P1 (1 x 5,0 Ah + chargeur) avec coffret
DCD796P1T;233;variante absente;Perceuse-visseuse à percussion DeWALT DCD796P1T (1 x 5,0 Ah + DCB115 +
DCD796P1TX;178,4;variante absente;DeWalt DCD796P1TX
DCD796P2;241,43;variante absente;DeWalt DCD796P2
DCD796P2T;302;variante absente;Perceuse-visseuse à percussion DeWALT DCD796P2T (2 x 5,0 Ah + DCB115 +
DCD796T1T;278,89;variante absente;Perceuse à percussion 18V XR (1x6.0 Ah) en TSTAK - DEWALT DCD796T1T
DCD800E1;213,74;variante absente;DeWalt DCD800E1 (1x 1.7 Ah Powerstack battery + charger)
DCD800E1T;209,57;variante absente;DeWalt DCD800E1T
DCD800E2;281,22;variante absente;DeWalt DCD800E2
DCD800E2T-QW;271,01;variante absente;DeWalt DCD800E2T-QW
DCD800H1;292,46;variante absente;DeWalt DCD800H1 (1x Powerstack battery 5.0 Ah + charger)
DCD800H1T;301,06;variante absente;DeWalt DCD800H1T (1x Powerstack battery 5.0 Ah + charger + TSTAK)
DCD800H1T-QW;269,23;variante absente;Dewalt DCD800H1T-QW Perceuse visseuse 18V XR 90 Nm + 1 x 5,0Ah Batteri
DCD800H2T;214,79;variante absente;DeWalt DCD800H2T (2x Powerstack battery 5.0 Ah + charger + TSTAK)
DCD800M1;224,99;variante absente;DeWalt DCD800M1
DCD800M1T;233,59;variante absente;DeWalt DCD800M1T (1x battery 4.0 Ah + charger + TSTAK)
DCD800M2;286,04;variante absente;DeWalt DCD800M2
DCD800P1;234,63;variante absente;DeWalt DCD800P1 (1x battery 5.0 Ah + charger)
DCD800P1T;228,71;variante absente;Dewalt DCD800P1T Perceuse visseuse 18V XR 90 Nm + 1 x 5,0Ah Batterie +
DCD800P2;303,71;variante absente;DeWalt DCD800P2
DCD800P2LRT;342,67;variante absente;DeWalt DCD800P2LRT With 2x5.0Ah Batteries And Charger
DCD800P2T;285,62;variante absente;DeWalt DCD800P2T
DCD800S2T-QW;539,99;variante absente;DeWalt Cordless Drill/Driver DCD800S2T-QW
DCD803;346,24;variante absente;DeWalt DCD803 Perceuse visseuse multi-têtes XR 18V 2Ah Brushless (DCD8
DCD803KN-XJ;270;variante absente;DEWALT Perceuse-visseuse multi-têtes 18V XR, 4 têtes, DCD803KN-XJ
DCD803M1T-QW;354,52;variante absente;DeWALT DCD803M1T-QW Kit Visseuse/perceuse Sans Fil 18 V XR (1 Batterie
DCD805E1T;241,06;variante absente;DeWalt DCD805E1T (1 x 1,7 Ah)
DCD805E2T;308,53;variante absente;DeWalt DCD805E2T
DCD805E2T-QW;293,2;variante absente;DeWalt DCD805E2T-QW
DCD805H1T;309,75;variante absente;Dewalt DCD805H1T Perceuse à percussion POWERSTACK XR Brushless 18V 90N
DCD805H2T;371,95;variante absente;DeWalt DCD805H2T
DCD805M1T;250,69;variante absente;DeWalt DCD805M1T
DCD805M2T;311,74;variante absente;DeWalt DCD805M2T
DCD805P1T;245,91;variante absente;Dewalt DCD805P1T Perceuse à percussion XR Brushless 18V 90Nm - 1 X 5Ah
DCD805P2LRT-QW;342,7;variante absente;Perceuse visseuse percussion compacte XR DEWALT DCD805P2LRT-QW 18V 2X5
DCD805P2T;272,84;variante absente;DeWalt DCD805P2T
DCD85ME2GT-QW;345;variante absente;DeWalt Dcd85Me2Gt-Qw
DCD86MM1T-QW;269,99;variante absente;Perceuse visseuse à percussion sans fil brushless 18V DEWALT McLaren D
DCD86MP2KT;311,04;variante absente;DeWalt McLaren DCD86MP2KT
DCD86MP2T-QW;279,41;variante absente;DeWalt McLaren DCD86MP2T-QW
DCD990;574,15;variante absente;DeWalt DCD990
DCD991N;209,55;variante absente;DeWalt DCD991N
DCD991NT;161,68;variante absente;DeWalt DCD991NT
DCD991P2;329,17;variante absente;DeWalt DCD991P2
DCD991T2-QW;504,02;variante absente;DeWalt DCD991T2-QW
DCD996D1;247,48;variante absente;DeWalt DCD 996 D1 Perceuse-visseuse à percussion sans fil 18 V 95 Nm B
DCD996E1;264,75;variante absente;DeWalt DCD996E1
DCD996E2;343,47;variante absente;DeWalt DCD996E2
DCD996H1;330,62;variante absente;DeWalt DCD996H1 (1 x 5,0 Ah + DCB)
DCD996H2;459,14;variante absente;DeWalt DCD996H2 (2 x 5,0 Ah + DCB)
DCD996M1;263,55;variante absente;DeWalt DCD 996 M1 Perceuse-visseuse à percussion sans fil 18 V 95 Nm B
DCD996M1T;263,55;variante absente;DeWalt DCD996M1T (1x 4.0 Ah battery + charger + TSTAK)
DCD996M2;324,59;variante absente;DeWalt DCD996M2 (2 x 4,0 Ah + Chargeur) en boîte T-STAK
DCD996M2T;324,59;variante absente;DeWalt DCD996M2T (2x 4.0 Ah battery + charger + TSTAK)
DCD996NE1;264,75;variante absente;DeWalt DCD996NE1 (1 x 1,7 Ah)
DCD996P1;267,96;variante absente;DeWalt DCD996P1 (1 x 5,0 Ah)
DCD996P1T;268,37;variante absente;DeWalt DCD996P1T (1x 5.0 Ah battery + charger + TSTAK)
DCD996P2;268;variante absente;DeWalt DCD996P2
DCD996P2T;334,23;variante absente;DeWalt DCD996P2T (2x 5.0 Ah battery + charger + TSTAK)
DCD996P3;379;variante absente;DeWalt DCD996P3
DCD996T2;461,02;variante absente;DeWalt DCD996T2 18V Brushless Combi Hammer + 2 x 6.0Ah Batteries Charg
DCD996X1-GB;341,06;variante absente;DeWalt DCD996X1-GB (1x 9,0Ah + TSTAK)
DCD999H2T;449,74;variante absente;DeWalt DCD999H2T
DCD999T1-QW;347,76;variante absente;DeWalt DCD999T1-QW
DCD999X1-QW;335,5;variante absente;DeWalt DCD999X1-QW
DCE080D1GS-QW;1531;variante absente;DeWalt DCE080D1GS-QW
DCE0811D1G-QW;386,1;variante absente;DeWalt DCE0811D1G-QW
DCE0811D1R-QW;332,68;variante absente;DeWalt DCE0811D1R-QW
DCE0822D1G;359,9;variante absente;DeWalt DCE0822D1G
DCE0825D1G;370,4;variante absente;DeWalt DCE0825D1G
DCE088D1G18-QW;293,99;variante absente;DeWalt DCE088D1G18-QW
DCE089D1G-GB;591,36;variante absente;DeWalt DCE089D1G-GB
DCE089D1G-QW;407,54;variante absente;DeWalt DCE089D1G-QW
DCE089D1G18;812,12;variante absente;DeWalt DCE089D1G18 Laser multiligne vert 3x360° 12/18V 2.0Ah Li-Ion (D
DCE089D1G18-QW;478,92;variante absente;DeWalt DCE089D1G18-QW
DCE089D1R;398,23;variante absente;DeWalt DCE089D1R
DCE512B;337,53;variante absente;DEWALT Ventilateur 20 V max, 4,5 heures d'autonomie, sans fil, portabl
DCE530M1;204,75;variante absente;Pistolet à air chaud sans fil DeWalt DCE 530 M1 18 V 530 °C + 1 batter
DCE530M2;265,8;variante absente;Pistolet à air chaud sans fil DeWalt DCE 530 M2 18 V 530 °C + 2 batter
DCE530P1;214,39;variante absente;DeWalt DCE530P1
DCE530P2;283,47;variante absente;DeWalt DCE530P2
DCE530P2-QW;279,9;variante absente;DeWalt DCE530P2-QW
DCE580D1-QW;399;variante absente;DeWalt DCE580D1-QW
DCE581D1;387,91;variante absente;DeWalt DCE581D1
DCE581N;369,05;variante absente;Pistolet à calfeutrer sans fil Dewalt 300-600 ml 18 V XR DCE581N
DCE581N-XJ;373,66;variante absente;Pistolet à mastic DEWALT XR 18V - Sans batterie, ni chargeur - tube lo
DCE581P1K;415,21;variante absente;DeWalt DCE 581 P1K Pistolet à cartouche sans fil 18 V 310 ml + 1x batt
DCE581P2K;487,92;variante absente;DeWalt DCE 581 P2K Pistolet à cartouche sans fil 18 V 310 ml + 2x batt
DCE590M1;451,51;variante absente;Aspirateur sans fil DeWalt DCE 590 M1 18 V 120 kg + 1 batterie 4,0 Ah 
DCE590M2;512,55;variante absente;Aspirateur sans fil DeWalt DCE 590 M2 18 V 120 kg + 2 batteries 4,0 Ah
DCE590P1;436,33;variante absente;Aspirateur sans fil DeWalt DCE 590 P1 18 V 120 kg + 1 batterie 5,0 Ah 
DCE590P2;509,04;variante absente;Aspirateur sans fil DeWalt DCE 590 P2 18 V 120 kg + 2 batteries 5,0 Ah
DCE800H1-SK;689;variante absente;DeWalt Drywall sander DCE800H1-SK (1 x 5.0 Ah Powerstack + DCB1104)
DCE800H2-SK;825;variante absente;DeWalt Drywall sander DCE800H2-SK (2 x 5.0 Ah Powerstack + DCB1104)
DCE800NB-XJ;496;variante absente;DeWalt DCE800NB-XJ
DCE800T2;748,94;variante absente;DeWalt DCE800T2
DCE825D1G18-QW;429;variante absente;DeWalt DCE825D1G18-QW
DCF403D1-QW;497,82;variante absente;Dewalt DCF403D1-QW Riveteuse sans fil 18 V 2.4-4.8mm - 1X2.0Ah Batteri
DCF403D2-QW;537,42;variante absente;Dewalt DCF403D2-QW Riveteuse sans fil 18 V 2.4-4.8mm - 2X2.0Ah Batteri
DCF403D2GT;548,45;variante absente;DeWalt DCF403D2GT Riveteuse sans Fil Brushless 18V 4,8mm (DCF403D2GT-Q
DCF403E1GT;539,62;variante absente;DeWalt Pistolet à riveter 18V 1x1,7Ah POWERSTACK avec chargeur et TSTA
DCF414D1-QW;693,49;variante absente;Dewalt DCF414D1-QW Riveteuse sans fil 18 V 4.8-6.4mm - 1X2.0Ah Batteri
DCF414D2-QW;736,41;variante absente;Dewalt DCF414D2-QW Riveteuse sans fil 18 V 4.8-6.4mm - 2X2.0Ah Batteri
DCF414E2GT;738,54;variante absente;DeWalt DCF414E2GT
DCF414NT-XJ;545;variante absente;DeWalt DCF414NT-XJ
DCF500L2G-QW;320,27;variante absente;DeWalt DCF500L2G-QW
DCF503D1-QW;260,28;variante absente;DeWalt DCF503D1-QW
DCF503EN;142,95;variante absente;DeWalt DCF503EN
DCF503L1G-QW;237,76;variante absente;DeWalt DCF503L1G-QW
DCF504D1;271,91;variante absente;DeWalt DCF504D1
DCF504L1G-QW;234,9;variante absente;DeWalt DCF504L1G-QW
DCF504N-XJ;168,49;variante absente;DeWalt DCF504N-XJ
DCF510E2G-QW;361,9;variante absente;DeWalt DCF510E2G-QW
DCF512D1;425,08;variante absente;DeWalt DCF512D1 18V 1 x 2,0Ah (DEWDCF512D1)
DCF512D1G-QW;279,32;variante absente;DeWalt DCF512D1G-QW
DCF512EN;249;variante absente;"DeWalt DCF512EN Clé à Cliquet 1/2"" 18V (DCF512EN-XJ)"
DCF513D1G-QW;273;variante absente;DeWalt DCF513D1G-QW
DCF513EN;249;variante absente;"DeWalt DCF513EN Clé à Cliquet 18V XR Brushless 3/8"" Allongée (DCF513EN"
DCF514EN;239;variante absente;"DeWalt DCF514EN Clé à Cliquet sans Fil 1/4"" 18V (DCF514EN-XJ)"
DCF601D2;191,51;variante absente;Tournevis sans fil DeWALT DCF601D2
DCF601D2-QW;169,87;variante absente;DeWalt DCF601D2-QW
DCF620;130,97;variante absente;DeWalt DCF620
DCF620D1K-QW;265,61;variante absente;Dewalt DCF620D1K-QW Visseuse placo à batteries 18V XR Li-Ion set (1x b
DCF620D1T-QW;199,24;variante absente;Dewalt DCF620D1T-QW Visseuse placo à batteries 18V XR Li-Ion set ( 1x 
DCF620D2-QW;234,2;variante absente;DeWalt DCF620D2-QW
DCF620D2K-QW;248,15;variante absente;DeWalt DCF620D2K-QW
DCF620E1K;266,88;variante absente;DeWalt DCF620E1K
DCF620E1T;223,38;variante absente;DeWalt DCF620E1T (1x Powerstack battery 1.7 Ah + charger + TSTAK)
DCF620E2T;290,86;variante absente;DeWalt DCF 620 E2T Visseuse pour cloisons sèches sans fil 18 V 30 Nm B
DCF620H1T;356,72;variante absente;DeWalt DCF620H1T (1x Powerstack battery 5.0 Ah + charger + TSTAK)
DCF620H2T;485,24;variante absente;DeWalt DCF620H2T
DCF620M1;234,63;variante absente;DeWalt DCF620M1
DCF620M1T;290,86;variante absente;DeWalt DCF620M1T
DCF620M2;295,68;variante absente;DeWalt DCF620M2 (2x 4.0 Ah battery + charger + TSTAK)
DCF620M2K-QW;379,42;variante absente;DeWalt DCF620M2K-QW
DCF620M2T;351,9;variante absente;DeWalt DCF620M2T
DCF620N;130,97;variante absente;DeWalt DCF620N
DCF620P1K-QW;279,8;variante absente;Dewalt DCF620P1K-QW Set doutils à batteries 18V - Visseuse plaques de 
DCF620P1T;305,32;variante absente;DeWalt DCF620P1T
DCF620P1T-QW;256,73;variante absente;Dewalt DCF620P1T-QW Set doutils à batteries 18V - Visseuse plaques de 
DCF620P2T;374,39;variante absente;DeWalt DCF620P2T
DCF620P2T-QW;298,3;variante absente;Dewalt DCF620P2T-QW Set doutils à batteries 18V - Visseuse plaques de 
DCF620P3T;403;variante absente;Visseuse rapide DeWALT DCF620P3T (3 x 5,0Ah + DCB115 + TSTAK II)
DCF622N;163,51;variante absente;DeWalt DCF622N -XJ
DCF622NT;260,79;variante absente;DeWalt DCF622NT
DCF787N;99,99;variante absente;Visseuse à choc sans fil brushless DEWALT DCF787N-SFXJ 18V Li-ion XR -
DCF801D2;191,32;variante absente;DeWalt DCF801D2
DCF809D1T;155,49;variante absente;Dewalt DCF809D1T Clé à chocs sans fil 18V - 1/4 - Brushless (sans char
DCF809D2T-QW;163,54;variante absente;DeWalt DCF809D2T-QW
DCF809E1;197,28;variante absente;DeWalt DCF 809 E1 Clé à choc sans fil 18 V 190 Nm 1/4'' Brushless + 1x
DCF809E1T;193,66;variante absente;DeWalt DCF 809 E1T Clé à choc sans fil 18 V Brushless + 1x batterie Po
DCF809E2;264,75;variante absente;DeWalt DCF 809 E2 Clé à choc sans fil 18 V 190 Nm 1/4'' Brushless + 2x
DCF809E2T;261,14;variante absente;DeWalt DCF 809 E2T Clé à choc sans fil 18 V 190 Nm 1/4'' Brushless + 2
DCF809L2T-QW;243,75;variante absente;DeWalt DCF809L2T-QW
DCF809M1T;230,61;variante absente;DeWalt DCF809M1T
DCF809M2T;291,66;variante absente;DeWalt DCF809M2T
DCF809N-XJ;93,79;variante absente;Visseuse à choc 1/4' 190Nm 18V - Livrée sans batterie ni chargeur - - 
DCF809P1T;186,75;variante absente;DeWalt DCF809P1T
DCF809P2T;245,39;variante absente;DeWalt DCF809P2T
DCF815D2;190,31;variante absente;DeWalt DCF815D2
DCF840;116,26;variante absente;DeWalt DCF840
DCF840D2T;200,4;variante absente;DeWalt DCF840D2T
DCF840E1T-XJ;158,82;variante absente;DeWalt DCF840E1T-XJ
DCF840N-XJ;123,64;variante absente;Dewalt - Visseuse à choc sans fil brushless 18V Li-ion XR - Sans batte
DCF850D1T;211,22;variante absente;Dewalt DCF850D1T Visseuse à chocs ultra compacte XR 18V 1X2AH Li-Ion B
DCF850D2T;247,16;variante absente;DeWalt DCF850D2T
DCF850E1;237,84;variante absente;DeWalt DCF850E1
DCF850E1T;229,44;variante absente;DeWalt DCF850E1T
DCF850E2;305,32;variante absente;DeWalt DCF850E2
DCF850E2T-QW;296,84;variante absente;DeWalt 18 V XR DCF850E2T-QW
DCF850M1;247,48;variante absente;DeWalt DCF850M1
DCF850NA;549,4;variante absente;DeWALT - Set de clés à chocs sans fil, batteries et chargeur, 6 pièces
DCF850P1;257,12;variante absente;DeWalt DCF850P1 (1x 5,0 Ah + chargeur)
DCF850P1T-QW;247,23;variante absente;Dewalt DCF850P1T-QW Visseuse à chocs ultra compacte XR 18V 1 X 5AH Li-
DCF850P2;327,81;variante absente;DeWalt DCF850P2
DCF850P2LRT;353,23;variante absente;Clé à chocs compacte sans fil DeWALT, batterie 2x 5Ah avec sangle DCF8
DCF85ME2GT-QW;293;variante absente;DeWalt DCF85ME2GT-QW McLaren Design
DCF85MM2T-QW;289,9;variante absente;DeWalt DCF85MM2T-QW
DCF860D1T;279;variante absente;Clé à chocs DeWALT DCF860D1T (1 x 2,0 Ah + DCB1102 + TSTAK II)
DCF860D1T-QW;276,88;variante absente;Dewalt DCF860D1T-QW Visseuse à chocs XR 282Nm 18V 1 x 2.0Ah batterie +
DCF860D2T;320;variante absente;Clé à chocs DeWALT DCF860D2T (2 x 2,0 Ah + DCB1102 + TSTAK II)
DCF860D2T-QW;297,51;variante absente;Dewalt DCF860D2T-QW Visseuse à chocs XR 282Nm 18V 2 x 2.0Ah batteries 
DCF860E1T-QW;319,74;variante absente;Dewalt DCF860E1T-QW Visseuse à chocs XR 282Nm 18V 1 x 1,7Ah PowerStack
DCF860E2T-QW;379,95;variante absente;DeWalt DCF860E2T-QW
DCF860NT;208,25;variante absente;DeWalt DCF860NT
DCF860P1;320;variante absente;Vis à choc DeWALT DCF860P1 (1 x 5,0 Ah + DCB1104 + TSTAK II)
DCF860P1T-QW;318,42;variante absente;Dewalt DCF860P1T-QW Visseuse à chocs XR 282Nm 18V 1 x 5.0Ah batterie +
DCF860P2T-QW;379,85;variante absente;Dewalt DCF860P2T-QW Visseuse à chocs XR 282Nm 18V 2 x 5.0Ah batteries 
DCF86MM1T-QW;269,99;variante absente;Visseuse à choc sans fil brushless DEWALT McLaren DCF86MM1T-QW 18V 1 x
DCF86MP;279;variante absente;DeWalt McLaren F1 Team DCF86MP 2x 5,0Ah Akkus + Ladegerät
DCF870D1T-QW;272,44;variante absente;Dewalt DCF870D1T-QW Visseuse à chocs Hydraulique XR 18V 1/4″ Brushless
DCF870D2T-QW;289,21;variante absente;Dewalt DCF870D2T-QW Visseuse à chocs Hydraulique XR 18V 1/4″ Brushless
DCF870E2T-QW;342,2;variante absente;DeWalt DCF870E2T-QW
DCF870P1T-QW;296,2;variante absente;Dewalt DCF870P1T-QW Visseuse à chocs Hydraulique XR 18V 1/4″ Brushless
DCF870P2T-QW;362,75;variante absente;Dewalt DCF870P2T-QW Visseuse à chocs Hydraulique XR 18V 1/4″ Brushless
DCF887D1-QW;178,23;variante absente;Dewalt DCF887D1-QW Visseuse à chocs XR 18V Brushless 3 vitesses 1X2Ah 
DCF887D1T;201;variante absente;Clé à chocs DeWALT DCF887D1T (1 x 2,0 Ah + DCB107 + TSTAK II) + kit de
DCF887D2;208,74;variante absente;DeWalt DCF887D2
DCF887D2T;235;variante absente;Clé à chocs DeWALT DCF887D2T (2 x 2,0 Ah + DCB107 + TSTAK II) + kit de
DCF887E1;176,39;variante absente;DeWalt DCF 887 E1 Clé à choc sans fil 18 V 205 Nm 1/4'' Brushless + 1x
DCF887E2;243,87;variante absente;DeWalt DCF 887 E2 Clé à choc sans fil 18 V 205 Nm 1/4'' Brushless + 2x
DCF887H1;253,51;variante absente;DeWalt DCF887H1
DCF887H2;382,03;variante absente;DeWalt DCF887H2
DCF887M1;186,43;variante absente;DeWalt DCF 887 M1 Clé à choc sans fil 18 V 205 Nm 1/4'' Brushless + 1x
DCF887M2;239,74;variante absente;Dewalt DCF887M2 Visseuse à chocs 18V XR 205 Nm (2x4,0 Ah) dans TSTAK
DCF887NDS;117;variante absente;Clé à chocs DeWALT DCF887NDS (appareil seul + DS150)
DCF887P1;195,8;variante absente;DeWalt DCF 887 P1 Clé à choc sans fil 18 V 205 Nm 1/4'' Brushless + 1x
DCF887P1T;256;variante absente;Clé à chocs DeWALT DCF887P1T (1 x 5,0 Ah + DCB1104 + TSTAK II + ceintu
DCF887P1T-15;197,24;variante absente;DeWalt DCF887P1T-15
DCF891;219,75;variante absente;DeWalt DCF891
DCF891EHGT-QW;419,83;variante absente;Dewalt DCF891EHGT-QW - Powerstack XR
DCF891H2T;767,48;variante absente;DeWalt DCF891H2T
DCF891H2T-QW;447,06;variante absente;DeWalt DCF891H2T-QW
DCF891N;231,32;variante absente;DeWalt DCF891N (Solo)
DCF891P2G;399,99;variante absente;DeWalt DCF891P2G
DCF891P2LRT;453,37;variante absente;DeWalt DCF891P2LRT
DCF892;239,1;variante absente;DeWalt DCF892
DCF892N;231,32;variante absente;DeWalt DCF 892 N Clé à choc sans fil 18 V 812 Nm 1/2'' Brushless Solo 
DCF892N-XJ;256,92;variante absente;DeWALT DCF892N-XJ Corps De Clé À Chocs Sans Fil Li-ion XR 18 V - 1/2''
DCF892P2T;346,76;variante absente;DeWalt DCF892P2T
DCF894P2T-15;424,5;variante absente;DeWalt DCF894P2T-15 (2x 5,0 Ah + chargeur en coffret)
DCF899;155,3;variante absente;DeWalt DCF899
DCF899H1-QW;349,85;variante absente;Dewalt DCF899H1-QW Boulonneuse à chocs 18V - 1 x 5,0Ah PowerStack + ch
DCF899H2-QW;456,23;variante absente;Dewalt DCF899H2-QW Boulonneuse à chocs 18V - 2 x 5,0Ah PowerStack + ch
DCF899HN-XJ;234,4;variante absente;DeWalt DCF899HN-XJ
DCF899HNT-XJ;226,1;variante absente;DeWalt DCF899HNT-XJ
DCF899HP1T;313,9;variante absente;DeWalt DCF899HP1T
DCF899HP2-QW;335,89;variante absente;DeWalt DCF899HP2-QW
DCF899N-XJ;155,3;variante absente;DeWalt DCF899N-XJ
DCF899P1-QW;296,75;variante absente;Dewalt DCF899P1-QW Boulonneuse à chocs 18V 5Ah (1x5.0Ah) Li-Ion XR en 
DCF899P1T;308;variante absente;Clé à chocs DeWALT DCF899P1T (1 x 5,0 Ah + DCB115 + TSTAK II)
DCF899P2T;369;variante absente;Clé à chocs DeWALT DCF899P2T (2 x 5,0 Ah + DCB107 + TSTAK II)
DCF899P3T;432;variante absente;Clé à chocs DeWALT DCF899P3T (3 x 5,0 Ah + DCB115 + TSTAK II)
DCF900;212,99;variante absente;DeWalt DCF900
DCF900H1T-QW;415,29;variante absente;Dewalt DCF900H1T-QW Boulonneuse à chocs 18V XR 1/2 1396Nm 1X5Ah POWERS
DCF900H2T;463,61;variante absente;DeWalt DCF900H2T
DCF900H2T-QW;761,14;variante absente;DEWALT - Boulonneuse à Chocs 1 sur 2 Brushless XR 18 V, avec 2X Batter
DCF900N;212,99;variante absente;DeWalt DCF900N (solo)
DCF900P1T-QW;347,26;variante absente;Dewalt DCF900P1T-QW Boulonneuse à chocs 18V XR 1/2″ 1396Nm 1 X 5Ah + c
DCF900P2G;431,77;variante absente;DeWalt DCF900P2G
DCF900P2T;353,47;variante absente;DeWalt DCF900P2T
DCF900P2T-GB;496,87;variante absente;DEWALT DCF900P2T-GB XR Clé à chocs sans balais 1,27 cm 1396 Nm avec 2 
DCF901P;190;variante absente;DeWalt DCF901P
DCF901P1;409,58;variante absente;DeWalt DCF901P1 XR
DCF901P1-QW;198,28;variante absente;DeWalt DCF901P1-QW
DCF901P1G;246,91;variante absente;DeWalt DCF901P1G
DCF901P2-QW;279;variante absente;DeWalt DCF901P2-QW
DCF902;255,16;variante absente;DeWalt DCF902
DCF903;223,75;variante absente;DeWalt DCF903
DCF903P1;223,75;variante absente;DeWalt DCF903P1
DCF903P1G;239,99;variante absente;DeWalt DCF903P1G
DCF903P2-QW;337,07;variante absente;DeWalt DCF903P2-QW
DCF921D1T-QW;244,28;variante absente;Dewalt DCF921D1T-QW Clé à Chocs 1/2 406Nm 18V XR + 1X2.0 Ah Batterie +
DCF921D2T-QW;266,94;variante absente;DeWalt DCF921D2T-QW
DCF921E2T;313,6;variante absente;DeWalt DCF921E2T
DCF921H1T-QW;319,62;variante absente;Dewalt DCF921H1T-QW Clé à Chocs 1/2 406Nm 18V XR + 1X5.0Ah POWERSTACK 
DCF921H2T-QW;384,3;variante absente;DeWalt DCF921H2T-QW
DCF921NT;226,6;variante absente;"DeWalt DCF 921 NT Clé à choc sans fil 18 V 400 Nm 1/2"" Brushless + TST"
DCF921NT-XJ;152,33;variante absente;DeWalt DCF921NT-XJ
DCF921P1;274,15;variante absente;DeWalt DCF921P1 (1x Battery 5,0 Ah + Charger)
DCF921P1T-QW;262,73;variante absente;Dewalt DCF921P1T-QW Visseuse a chocs 1/2 406Nm 18V XR + 1X5Ah Batterie
DCF921P2G;349,92;variante absente;DeWalt DCF921P2G
DCF921P2LRT;387,48;variante absente;DEWALT Clé à chocs sans fil 1/2'', 2 batteries 5,0 Ah Lanyard Ready, c
DCF921P2LRT-QW;419,69;variante absente;DeWALT DCF921P2LRT-QW Visseuse À Chocs Compacte À Batterie Li-ion 18 V
DCF921P2T-QW;306,85;variante absente;DeWalt DCF921P2T-QW
DCF922D1T-QW;240,2;variante absente;Dewalt DCF922D1T-QW Clé à choc sans fil sans charbon 18V Li-ion XR - 1
DCF922D2T-QW;257,73;variante absente;DeWalt DCF922D2T-QW
DCF922E1;236,24;variante absente;DeWalt DCF 922 E1 Clé à choc sans fil 18 V 406 Nm 1/2'' Brushless + 1x
DCF922E2;303,71;variante absente;DeWalt DCF 922 E2 Clé à choc 18 V 406 Nm 1/2'' Brushless + 2x Powersta
DCF922H1;313,35;variante absente;"DeWalt DCF 922 H1 Clé à choc sans fil 18 V 406 Nm 1/2"" Brushless + 1x "
DCF922H2;441,87;variante absente;"DeWalt DCF 922 H2 Clé à choc sans fil 18 V 406 Nm 1/2"" Brushless + 2x "
DCF922M1;247,48;variante absente;DeWalt DCF922M1
DCF922M2;308,53;variante absente;DeWalt DCF 922 M2 Clé à choc 18 V 406 Nm 1/2'' Brushless + 2x batterie
DCF922M2T-QW;284,31;variante absente;Dewalt DCF922M2T-QW Clé à choc sans fil sans charbon 18V Li-ion XR - 2
DCF922NA3;380,21;variante absente;DeWALT - Clé à chocs sans fil 18 V, 1 batterie Li-Ion 5,0 Ah, chargeur
DCF922P1;252,3;variante absente;DeWalt DCF 922 P1 Clé à choc sans fil 18 V 406 Nm 1/2'' Brushless + 1x
DCF922P1T-QW;249,81;variante absente;Dewalt DCF922P1T-QW Clé à choc sans fil sans charbon 18V Li-ion XR - 1
DCF922P2;319,77;variante absente;DeWalt DCF 922 P2 Clé à choc 18 V 406 Nm 1/2'' Brushless + 2x batterie
DCF922P2T;387,73;variante absente;Clé à chocs DeWALT DCF922P2T (2 x 5,0 Ah + DCB115 + TSTAK II)
DCF922P2T-QW;285,36;variante absente;DeWalt DCF922P2T-QW
DCF923P2G;349;variante absente;DeWalt DCF923P2G
DCF961;305,93;variante absente;DeWalt DCF961
DCF961E1T;434,4;variante absente;DeWalt DCF 961 E1T Clé à choc 18 V 1632 Nm 1/2'' Brushless + 1x batter
DCF961E2T;513,12;variante absente;DeWalt DCF961E2T
DCF961H1T;500,26;variante absente;"DeWalt DCF 961 H1T Clé à choc sans fil 18 V 1632 Nm 1/2"" Brushless + 1"
DCF961H2G;579,99;variante absente;DeWalt DCF961H2G
DCF961H2T;562,02;variante absente;DeWalt DCF961H2T
DCF961M1T;432,79;variante absente;DeWalt DCF 961 M1T Clé à choc 18 V 1632 Nm 1/2'' Brushless + 1x batter
DCF961M2T;493,84;variante absente;DeWalt DCF 961 M2T Clé à choc 18 V 1632 Nm 1/2'' Brushless + 2x batter
DCF961N;336,92;variante absente;DeWalt DCF961N
DCF961P1T;437,61;variante absente;DeWalt DCF 961 P1T Clé à choc 18 V 1632 Nm 1/2'' Brushless + 1x batter
DCF961P2T;503,48;variante absente;DeWalt DCF 961 P2T Clé à choc 18 V 1632 Nm 1/2'' Brushless + 2x batter
DCF964H1T;547,85;variante absente;Dewalt DCF964H1T Clé à chocs sans fil 18V Brushless 3/4 - 1 X 5.0Ah ba
DCF964H2G-QW;958,8;variante absente;Boulonneuse à chocs 3/4 pouces 18V - POWERSTACK - PACK GFN - DEWALT - 
DCF964H2T;647,82;variante absente;Dewalt DCF964H2T Clé à chocs sans fil 18V Brushless 3/4 - 2 batteries 
DCF964NT-XJ;299,9;variante absente;DeWalt DCF964NT-XJ
DCF964P1T;508,91;variante absente;Dewalt DCF964P1T Clé à chocs sans fil 18V Brushless 3/4 - 1 batterie 5
DCF964P2T;569,24;variante absente;Dewalt DCF964P2T Clé à chocs sans fil 18V Brushless 3/4 - 2 batteries 
DCFS950P2-QW;778,38;variante absente;DeWalt DCFS950P2-QW
DCG200T2;706,94;variante absente;DeWalt DCG200T2
DCG200X2-QW;823,96;variante absente;Dewalt DCG200X2-QW Rainureuse à béton XR Flexvolt 54V Li-Ion Brushless
DCG404NT;324,22;variante absente;Dewalt Dcg404nt Solo sans charbon
DCG404NT-XJ;258,83;variante absente;DeWALT DCG404NT-XJ Corps De Meuleuse D'angle Compacte Sans Fil 18 V Li
DCG404S2T-QW;462,14;variante absente;DeWALT DCG404S2T-QW Kit Meuleuse D'angle Compacte Sans Fil 18 V XR (2 
DCG405FN-XJ;190,23;variante absente;DEWALT - Meuleuse Tête Plate Brushless XR 18V 5Ah Li-Ion - DCG405FN-XJ
DCG405FNT-XJ;213,99;variante absente;DeWalt DCG405FNT-XJ
DCG405H1T-QW;298,71;variante absente;Dewalt DCG405H1T-QW Set meuleuse dangle Li-Ion 18V XR (1 x batterie Po
DCG405H2T-QW;373,33;variante absente;DeWalt DCG405H2T-QW
DCG405M1;245,87;variante absente;DeWalt DCG 405 M1 Meuleuse d'angle sans fil 18V 125mm Brushless + 1x b
DCG405M2;299,41;variante absente;Dewalt DCG405M2 Set meuleuse dangle Li-Ion 18V XR(2x batterie 4.0Ah) d
DCG405P1;276,69;variante absente;DeWalt DCG 405 P1 18 V 125 mm Meuleuse sans fil Brushless avec boîtier
DCG405P3-QW;344,05;variante absente;DeWalt DCG405P3-QW
DCG405S2T;529,99;variante absente;DeWalt DCG405S2T Meuleuse d'Angle sans Fil 125mm, 18V, 2x 3,5Ah Powers
DCG406H1;342,26;variante absente;DeWalt DCG 406 H1 Meuleuse d'angle sans fil 18 V 125 mm Brushless + 1x
DCG406H2;470,78;variante absente;DeWalt DCG 406 H2 Meuleuse d'angle sans fil 18 V 125 mm Brushless + 2x
DCG406M1;274,79;variante absente;DeWalt DCG 406 M1 Meuleuse d'angle sans fil 18 V 125 mm Brushless + 1x
DCG406M2;179,17;variante absente;DeWalt DCG 406 M2 Meuleuse d'angle sans fil brushless 18V 125mm, 2x ba
DCG406NT;268,37;variante absente;DeWalt DCG 406 NT Meuleuse d'angle sans fil 18V 125mm brushless (DCG40
DCG406NT-XJ;197,66;variante absente;DEWALT - Meuleuse Brushless XR 18V 5Ah Li-Ion - DCG406NT-XJ - Meuleuse
DCG406P1;273,19;variante absente;DeWalt DCG 406 P1 Meuleuse d'angle sans fil 18 V 125 mm Brushless + 1x
DCG406P2;340,66;variante absente;DeWalt DCG 406 P2 Meuleuse d'angle sans fil 18 V 125 mm Brushless + 2x
DCG407M2T;324,85;variante absente;DeWalt DCG407M2T Meuleuse d'angle sans fil 18V XR sans balais 125mm, 2
DCG407N-XJ;159;variante absente;DeWalt DCG407N-XJ
DCG408N;157,53;variante absente;DeWalt DCG408N Meuleuse d'Angle 125mm 18V Interrupteur Palette (DCG408
DCG409H2T;390,6;variante absente;DeWalt DCG409H2T
DCG409N;257,21;variante absente;DeWalt DCG409N Meuleuse d'Angle 18V 125mm XR FlexVolt Advantage (DCG40
DCG409NT;277,51;variante absente;DeWalt DCG409NT
DCG409T1-QW;405,89;variante absente;DeWalt DCG409T1-QW
DCG409VSN-XJ;244,45;variante absente;DeWalt DCG409VSN-XJ
DCG409VSNT-XJ;215,38;variante absente;DeWalt DCG409VSNT-XJ
DCG409VSP2-QW;376,69;variante absente;Dewalt DCG409VSP2-QW Meuleuse dangle Accu Flexvolt Advantage 125 mm vi
DCG409VST1;396,81;variante absente;DeWalt DCG409VST1
DCG409VSX1-QW;438,29;variante absente;Dewalt DCG409VSX1-QW Meuleuse dangle Accu Flexvolt Advantage 125 mm vi
DCG412M2;292,9;variante absente;DeWalt DCG412M2
DCG412NT-XJ;177,02;variante absente;DeWalt DCG412NT-XJ Solo + T-STAK Box
DCG414NT;295,52;variante absente;DeWalt DCG414NT
DCG414T2;1057,95;variante absente;DeWalt DCG414T2
DCG418;200,87;variante absente;DeWalt DCG418
DCG418N-XJ;212,05;variante absente;DeWalt DCG418N-XJ
DCG418NTA;744,29;variante absente;DeWALT - Meuleuse d'angle sans fil 54 V, 125 mm, avec accessoires, 3 b
DCG418SHDN-XJ;299,9;variante absente;DeWalt DCG418SHDN-XJ
DCG418SHDX2;703,93;variante absente;Meuleuse d'angle sans fil Dewalt avec poignée 125 mm 54 V XR FLEXVOLT 
DCG418T1-QW;369,82;variante absente;Dewalt DCG418T1-QW Meuleuse XR - 125mm - 54V - XR Flexvolt - 1 x 6,0 A
DCG418T2;426,23;variante absente;DeWalt DCG418T2
DCG418T2-GB;595;variante absente;DeWalt DCG418T2-GB
DCG418X1-QW;436,83;variante absente;Dewalt DCG418X1-QW Meuleuse XR - 125mm - 54V - XR Flexvolt - 1 x 9,0 A
DCG418X2;560,4;variante absente;DeWalt DCG418X2
DCG426H1;343,87;variante absente;Meuleuse droite sans fil DeWalt DCG 426 H1 18 V Brushless + 1 batterie
DCG426P2-QW;334,9;variante absente;DeWalt DCG426P2-QW
DCG430E2T-QW;471,46;variante absente;DeWALT DCG430E2T-QW Kit Tronçonneuse Sans Fil 18 V XR (2 Batteries Pow
DCG440B;492,85;variante absente;Dewalt DCG440B FLEXVOLT 60V MAX Brushless Lithium-Ion 7 in. Cordless G
DCG460;353;variante absente;DeWalt DCG460
DCG460N-XJ;353;variante absente;DeWalt DCG460N-XJ
DCG460X1-QW;599,74;variante absente;Dewalt DCG460X1-QW Meuleuse dangle sans fil 54V 230mm - 1X9.0Ah Batter
DCG460X2-QW;727,62;variante absente;DeWalt DCG460X2-QW
DCGG571;231,35;variante absente;DeWalt DCGG571
DCGG571E1K;417,48;variante absente;DeWalt DCGG571E1K
DCGG571H1K;463,31;variante absente;Pompe à graisse sans fil DeWalt DCGG 571 H1K 18 V + 1x Powerstack batt
DCGG571M1;340,74;variante absente;DeWalt DCGG571M1
DCGG571M1-QW;365,94;variante absente;DEWALT - Pompe A Graisse Electrique Sur Batterie XR 18V 4Ah Li-Ion - D
DCGG581P1G-QW;414,9;variante absente;DEWALT Pompe à graisse double vitesse XR 18V 5Ah - DCGG581P1G-QW
DCH072L2;214,78;variante absente;DeWalt DCH072L2
DCH072NT;197,6;variante absente;DeWalt DCH072NT
DCH072NT-XJ;197,6;variante absente;DeWalt DCH072NT-XJ
DCH072P2;271,34;variante absente;DeWalt DCH072P2
DCH133M1;215,11;variante absente;DeWalt DCH133M1
DCH133M2;346,27;variante absente;DeWalt DCH133M2
DCH133NT;159;variante absente;DeWalt DCH133NT
DCH133NT-XJ;194,86;variante absente;DEWALT - Perforateur-Burineur SDS-PLUS Brushless 2.6J 18V - DCH133NT-X
DCH133P1;298,6;variante absente;DeWalt DCH 133 P1 Marteau combiné sans fil 18V 2,6J SDS plus Brushless
DCH133P1T;302;variante absente;DeWALT DCH133P1T (1 x 5.0 Ah + DCB115 + TSTAK II)
DCH133P2;362,86;variante absente;DeWalt DCH 133 P2 Marteau combiné sans fil 18V 2,6J SDS plus Brushless
DCH133P2X;318,74;variante absente;DeWalt DCH133P2X
DCH172D2;316,01;variante absente;DeWalt DCH172D2
DCH172E2T-QW;328,93;variante absente;DeWalt DCH172E2T-QW
DCH172M1;293,01;variante absente;DeWalt DCH172M1 (1x 4.0 Ah battery + charger + TSTAK)
DCH172M2;354,06;variante absente;DeWalt DCH172M2 (2x 4.0 Ah battery + charger + TSTAK)
DCH172NT-SOLO;159;variante absente;DeWalt DCH172NT-Solo
DCH172P1;294,31;variante absente;DeWalt DCH172P1
DCH172P2;342,91;variante absente;DeWalt DCH172P2
DCH253M2;402,99;variante absente;DeWalt DCH253M2
DCH253P2;436;variante absente;DeWalt DCH253P2 XR 18V avec 2 batteries 5 Ah
DCH253P3;503;variante absente;DeWalt DCH253P3 Marteau Combiné 18V, 3x5,0Ah, avec Chargeur DCB115 & T
DCH263NK-XJ;197,53;variante absente;DeWalt DCH263NK-XJ
DCH263P1;304,9;variante absente;DeWalt DCH263P1
DCH263P2;388,42;variante absente;DeWalt DCH263P2
DCH273E1;345,88;variante absente;DeWalt DCH 273 E1 Marteau combiné sans fil 18 V 2,1 J SDS Plus Brushle
DCH273E2;423,79;variante absente;DeWalt DCH 273 E2 Marteau combiné sans fil 18 V 2,1 J SDS Plus Brushle
DCH273H2T;484,48;variante absente;DeWalt DCH273H2T
DCH273M1;345,48;variante absente;DeWalt DCH273M1 (1x 4.0 Ah battery + charger)
DCH273M2;403,31;variante absente;DeWalt DCH273M2
DCH273P1;359,94;variante absente;DeWalt DCH273P1 (1 x 5,0 Ah)
DCH273P2;207,88;variante absente;DeWalt DCH273P2 (2 x batteries 5,0 Ah + chargeur)
DCH273P2T;388;variante absente;DeWalt DCH273P2T
DCH273P3;488,46;variante absente;DeWalt DCH273P3 (3 x 5,0 Ah)
DCH273P3T;510;variante absente;Marteau combiné DeWALT DCH273P3T (3 x 5,0 Ah + DCB115 + TSTAK II)
DCH274P1T;443;variante absente;DeWalt DCH274P1T
DCH274P2;577,18;variante absente;DeWalt DCH274P2
DCH274P2T-QW;499,78;variante absente;DeWalt DCH274P2T-QW
DCH333NT-XJ;378,5;variante absente;DeWalt DCH333NT-XJ
DCH333T1;582;variante absente;DeWalt DCH333T1 FlexVolt Perforateur-burineur 54V/18V 6,0Ah + DCB118 +
DCH333T2T;700;variante absente;DeWalt DCH333T2T
DCH333X2-QW;701,71;variante absente;DeWalt DCH333X2-QW
DCH333Y1;700;variante absente;DeWalt FlexVolt DCH333Y1
DCH333Y2;936;variante absente;DeWalt DCH333Y2
DCH481X2-QW;881,66;variante absente;DeWalt DCH481X2-QW
DCH735N;645,25;variante absente;DeWalt DCH735N
DCH735X2;1180,57;variante absente;DeWalt DCH735X2
DCH775X2;1249;variante absente;DeWalt DCH775X2
DCH832;469,99;variante absente;DeWalt DCH832
DCH832X2-QW;899,9;variante absente;DeWalt DCH832X2-QW
DCH892X2;1102,49;variante absente;DeWalt DCH892X2
DCH911X3-QW;1163,97;variante absente;DeWalt DCH911X3-QW
DCH966Z2-QW;1939,14;variante absente;DeWalt DCH966Z2-QW
DCHJ067B-2XL;187,76;variante absente;DEWALT DCHJ067B-2XL Veste chauffante à capuche 20 V/12 V MAX Noir XXL
DCHJ067B-M;182,88;variante absente;DEWALT DCHJ067B-M Veste chauffante à capuche nue, 20 V/12 V MAX, noir,
DCK2020P2T/DT43906;404,8;variante absente;Pack 2 outils 18 V XR (DCD791/DCG405) + 25 disques à tronçonner (DT439
DCK2050H2T-QW;442,08;variante absente;DeWalt DCK2050H2T-QW (DCD805 + DCF850)
DCK2051E2T-QW;405,85;variante absente;DeWalt DCK2051E2T-QW
DCK2051H2T-QW;475,21;variante absente;DeWalt DCK2051H2T-QW
DCK2052H1E1T-QW;513,99;variante absente;DeWalt DCK2052H1E1T-QW
DCK2060L2T;313,13;variante absente;Dewalt 18V Combo Drill + Impact Wrench Set Dck2060L2T (Dcd778+Dcf787) 
DCK2061P2T;354;variante absente;DeWalt DCK2061P2T
DCK2062E2T-QW;280;variante absente;DeWalt DCK2062E2T-QW Combo Set (DCD709 + DCF809)
DCK2062L2T-QW;302,59;variante absente;DeWalt DCK2062L2T-QW
DCK2062M2T;265,19;variante absente;DeWalt DCK2062M2T
DCK2062P2T;365,48;variante absente;DeWalt DCK2062P2T
DCK246P2T-QW;922,88;variante absente;DeWalt DCK246P2T-QW
DCK266D2;300,64;variante absente;DeWalt Kit DCK266D2 (perceuse à percussion DCD796 + visseuse à chocs D
DCK266M2T;328,42;variante absente;DeWalt Combo Kit DCK266M2T (2 x 4,0 Ah + chargeur + T-stak box)
DCK266NDS;230;variante absente;Kit DeWALT DCK266NDS (DCD796 + DCF887 + DS150)
DCK266P2;295,8;variante absente;DeWalt Set DCK266P2
DCK266P2-QW;261,95;variante absente;DeWalt DCK266P2-QW (DCD796 + DCF887 + 2 x 5Ah 18V)
DCK266P2T;295,94;variante absente;DeWalt DCK266P2T (DCD796 + DCF887 + 2x5,0Ah 18V)
DCK266P3-QW;425;variante absente;DeWalt DCK266P3-QW
DCK266P3T;419,75;variante absente;DeWalt DCK266P3T
DCK276P3;822,27;variante absente;DeWalt DCK276P3
DCK276P3T;467,07;variante absente;DeWALT - Set perceuse à percussion et clé à chocs sans fil 18V, 3 batt
DCK278P2;540,63;variante absente;DeWalt DCK278P2 Pack combo batterie 18 V
DCK422P3-QW;790,12;variante absente;DeWalt DCK422P3-QW
DCK791D2KX;306,41;variante absente;DeWalt DCK791D2KX
DCK791D2T;616,1;variante absente;DeWalt DCK791D2T
DCK795;243,98;variante absente;DeWalt DCK795
DCK853P4T-QW;1702;variante absente;DeWalt DCK853P4T-QW
DCL040E2;190,82;variante absente;DeWalt DCL 040 E2 Lampe LED sans fil 18 V 110 lm + 2x Powerstack Batte
DCL074-P1;345,48;variante absente;DeWalt DCL074-P1
DCL074-P2;414,56;variante absente;DeWalt DCL074-P2
DCL077-P1;232,62;variante absente;DeWalt DCL077-P1
DCL077-P2;303,31;variante absente;DeWalt DCL077-P2
DCLE05211RL-XJ;1198,84;variante absente;Pack pro niveau laser rotatif horizontal - faisceaux rouges - alcaline
DCLE15211RL-QW;1199;variante absente;DEWALT Laser rotatif double pente USB-C Pack Pro - DCLE15211RL-QW
DCLE15221GL-QW;1932,55;variante absente;Pack laser rotatif DCLE15221GL-QW - Simple pente - Faisceaux verts - U
DCLE34031D1-QW;441,58;variante absente;DeWalt DCLE34031D1-QW
DCLE34035B;824,04;variante absente;DeWalt DCLE34035B
DCM200E2T-QW;399,99;variante absente;DeWalt DCM200E2T-QW
DCM200NT-XJ;249,99;variante absente;DeWalt DCM200NT-XJ
DCM561PBS;278,26;variante absente;Dewalt DCM 561 PBS Coupe-bordures sans fil 18V Brushless + 1x batterie
DCM562PB-QW;337,92;variante absente;DeWalt DCM562PB-QW
DCM563;150,89;variante absente;DeWalt DCM563
DCM563P1-QW;227,6;variante absente;DeWalt DCM563P1-QW (avec 1 batterie 5,0Ah)
DCM565P1;250,54;variante absente;DeWalt DCM565P1
DCM565P2-QW;453,84;variante absente;DeWALT Tronçonneuse sans fil DCM565P2-QW 18 V avec lame de 30 cm de lo
DCM571X1;394,38;variante absente;DeWalt DCM571X1
DCM572X1-QW;437,36;variante absente;DeWalt DCM572X1-QW
DCM575N;391,39;variante absente;DeWalt Tronçonneuse sans fil DCM575N
DCM848P2;388,9;variante absente;DeWalt DCM848P2
DCM849E1;341,22;variante absente;DeWalt DCM849E1 Polisseuse excentrique sans fil 18V 180mm Brushless (D
DCM849E2;408,69;variante absente;DeWalt DCM849E2
DCM849H1;418,33;variante absente;DeWalt DCM 849 H1 Polisseuse excentrique sans fil 18 V 180 mm Brushles
DCM849N;321,94;variante absente;DeWalt DCM849N Polisseuse Excentrique Sans Fil 18V 180mm Brushless (DC
DCM849P1;345,32;variante absente;DeWalt DCM849P1 Polisseuse Excentrique sans Fil 18V 180mm Brushless, 5
DCM849P2;418,03;variante absente;DeWalt DCM 849 P2 Polisseuse excentrique sans fil 18 V 180 mm Brushles
DCMAS5713X1-QW;413,84;variante absente;DeWalt DCMAS5713X1-QW
DCMBA572X1-QW;359;variante absente;DeWalt DCMBA572X1-QW
DCMBL562P1;298,17;variante absente;DeWalt DCMBL562P1
DCMBL562P1-QW;218,99;variante absente;DeWalt DCMBL562P1-QW
DCMBL777X1-QW;384,2;variante absente;DeWalt DCMBL777X1-QW
DCMCS565P1-QW;285,1;variante absente;DeWalt DCMCS565P1-QW (30cm)
DCMCS574X1-QW;464,09;variante absente;DeWalt DCMCS574X1-QW FlexVolt High Powered Body 54V 9.0 Ah
DCMCS575X1;517,63;variante absente;DeWALT - Tronçonneuse 54V AKU 50 cm, 1x batterie 9,0 Ah FLEXVOLT, char
DCMCS575X1-QW;517,63;variante absente;DeWalt DCMCS575X1-QW
DCMCST632X1;607,9;variante absente;DeWalt DCMCST632X1 Tronçonneuse à Batterie Top-Handle 54V 9,0Ah (DCMCS
DCMCST635X1;519,42;variante absente;DeWalt DCMCST635X1
DCMHT520D1;169,9;variante absente;DeWalt DCMHT520D1 Taille-haie Compact sans Fil 18V 2,0Ah Li-Ion (DCMHT
DCMHT562D2;271;variante absente;DeWalt DCMHT562D2 Taille-haie 18V, 2x2,0Ah (DCMHT562D2)
DCMHT562P1;271;variante absente;DeWalt Taille-haie DCMHT562P1, 18V, 5,0Ah (DCMHT562P1)
DCMHT562P1-QW;201,08;variante absente;DeWalt DCMHT562P1-QW XR
DCMHT563DCD-QW;566,23;variante absente;DeWalt DCMHT563DCD-QW
DCMHT563P1-QW;228,54;variante absente;DeWalt DCMHT563P1-QW with battery
DCMHT564P1-QW;246,1;variante absente;DeWalt DCMHT564P1-QW (1x Battery 5Ah + Charger)
DCMHT567P1-QW;293,9;variante absente;DeWalt DCMHT567P1-QW (1x Battery 5Ah + Charger)
DCMHT567P1-SK;325;variante absente;DeWalt Taille-haie DCMHT567P1-SK 18V, 5,0Ah (DCMHT567P1-SK)
DCMHT567P2-SK;386;variante absente;DeWalt DCMHT567P2-SK Taille-Haie sans Fil 2x5,0Ah + Chargeur DCB1104 (
DCMHT573X;730,09;variante absente;DeWalt DCMHT573X XR FlexVolt Taille-Haies 54V 65cm sans balais (DCMHT5
DCMHT573X1;360,25;variante absente;DeWalt DCMHT573X1
DCMPH566M1;303,15;variante absente;DeWalt DCMPH 566 M1 Taille-haies sans fil 18 V 55 cm + 1x batterie 4,0
DCMPH566M2;364,19;variante absente;DeWalt DCMPH 566 M2 Taille-haies sans fil 18 V 55 cm + 2x batterie 4,0
DCMPH566N;191,9;variante absente;DeWalt DCMPH566N Solo
DCMPH566P1;329,17;variante absente;DeWalt DCMPH 566 P1 Taille-haies sans fil 18 V 55 cm + 1x batterie 5,0
DCMPH566P1-QW;212,9;variante absente;DeWalt DCMPH566P1-QW
DCMPH566P2;400,18;variante absente;DeWalt DCMPH 566 P2 Taille-haies sans fil 18 V 55 cm + 2x batterie 5,0
DCMPP568D1-QW;245,09;variante absente;DeWALT DCMPP568D1-QW Kit Sécateur À Batterie Li-ion 18 V (1 Batterie 2
DCMPP568P1;224,46;variante absente;Cisaille sans fil DeWALT DCMPP568P1
DCMPP568P1-QW;210,06;variante absente;DeWalt DCMPP568P1-QW
DCMPP569P1;296,39;variante absente;DeWalt DCMPP569P1 XR Sécateur sur perche 18V 5,0Ah (DCMPP569P1-QW)
DCMPS520H1;325,16;variante absente;DeWalt DCMPS 520 H1 Scie à élaguer sans fil 18 V 20 cm Brushless + 1x 
DCMPS520H2;453,68;variante absente;DeWalt DCMPS 520 H2 Scie à élaguer sans fil 18 V 20 cm Brushless + 2x 
DCMPS520P2-QW;305,68;variante absente;Dewalt DCMPS520P2-QW Tronçonneuse élagueuse - Lame de 20 cm - XR - 18V
DCMPS567P1-QW;293,39;variante absente;DeWalt Perche élagueuse sans fil DCMPS567P1-QW
DCMPS567P2;404;variante absente;DeWalt DCMPS567P2 (2 x 5.0 Ah + DCB1104)
DCMST561P1-QW;243,59;variante absente;DeWalt DCMST561P1-QW
DCMW564P2;531,72;variante absente;DeWalt DCMW564P2 Tondeuse sans balais
DCMWP134W2-QW;739,9;variante absente;DeWalt DCMWP134W2-QW
DCN45RND2-QW;662,93;variante absente;DeWalt DCN45RND2-QW
DCN45RNN;574,84;variante absente;DeWalt DCN45RNN
DCN45RNNT-XJ;585;variante absente;DeWalt DCN45RNNT-XJ
DCN650P2;609,5;variante absente;DeWalt DCN650P2
DCN650P2-SK;605;variante absente;DeWalt DCN650P2-SK Cloueur, 2x 5,0Ah + DCB1104 (DCN650P2-SK)
DCN660D1-QW;439,81;variante absente;Dewalt DCN660D1-QW Cloueur de finition à batterie 16Ga XR 18V 1X2.0Ah 
DCN660D2-QW;450,64;variante absente;DeWalt DCN660D2-QW
DCN660M1;478,82;variante absente;Cloueuse sans fil DeWalt DCN 660 M1 18 V 32 - 63 mm sans balais + 1 ba
DCN660M2;539,86;variante absente;Cloueuse sans fil DeWalt DCN 660 M2 18 V 32 - 63 mm sans balais + 2 ba
DCN660NT;449,9;variante absente;Cloueuse sans fil DeWalt DCN 660 NT 18 V 32 - 63 mm sans balais + 1 ba
DCN660P1;483,64;variante absente;DeWalt DCN660P1
DCN660P1-QW;497,86;variante absente;Dewalt DCN660P1-QW Cloueur de finition à batterie 16Ga XR 18V 1 X 5,0A
DCN660P2;549,5;variante absente;DeWalt DCN660P2
DCN660P2-QW;549,06;variante absente;DeWalt DCN660P2-QW
DCN662;539;variante absente;DeWalt DCN662 Cloueur, 18V, 1x5,0Ah + DCB1104 (DCN662P1-SK)
DCN662D1-QW;488,91;variante absente;Dewalt DCN662D1-QW Finisseuse sans balais 16GA XR 18V 1 x 2.0Ah Batter
DCN662D2-QW;498,62;variante absente;DeWalt DCN662D2-QW
DCN662N;447;variante absente;DeWalt DCN662N
DCN680D2;480,88;variante absente;DeWalt DCN680D2
DCN681D2;515,1;variante absente;DeWalt DCN681D2
DCN682D2;649;variante absente;DeWalt DCN682D2 XR
DCN692P2;859;variante absente;DeWalt DCN692P2
DCN701D2;514,87;variante absente;Dewalt zszywacz 18v 2x2,0ah dcn701d2
DCN701D2-SK;385;variante absente;DeWalt DCN701D2-SK Agrafeuse d'Électricien 18V, 2x2,0Ah (DCN701D2-SK)
DCN930H1;633,6;variante absente;Cloueuse sans fil DeWalt DCN 930 H1 18 V 50 - 90 mm sans balais + 1 ba
DCN930H2;762,12;variante absente;Cloueuse sans fil DeWalt DCN 930 H2 18 V 50 - 90 mm sans balais + 2 ba
DCN930M1;566,13;variante absente;Cloueuse sans fil DeWalt DCN 930 M1 18 V 50 - 90 mm sans balais + 1 ba
DCN930M2;627,18;variante absente;Cloueuse sans fil DeWalt DCN 930 M2 18 V 50 - 90 mm sans balais + 2 ba
DCN930P1;572,56;variante absente;Cloueuse sans fil DeWalt DCN 930 P1 18 V 50 - 90 mm sans balais + 1 ba
DCN930P1-QW;518,76;variante absente;Dewalt DCN930P1-QW Cloueur sans fil brushless 18V XR - 1 X 5 Ah Batter
DCN930P2;641,64;variante absente;Cloueuse sans fil DeWalt DCN 930 P2 18 V 50 - 90 mm sans balais + 2 ba
DCN930P2-QW;544,49;variante absente;DeWalt DCN930P2-QW
DCP580M1;301,86;variante absente;DeWalt DCP580M1
DCP580M2;362,91;variante absente;DeWalt DCP 580 M2 18 V Rabot sans fil 82 mm + Coffret de transport TST
DCP580P1;329,98;variante absente;DeWalt DCP 580 P1 18 V Rabot sans fil 82 mm avec boîtier TSTAK VI + 1x
DCP580P1-QW;314,85;variante absente;Dewalt DCP580P1-QW Rabot XR 18V Li-Ion 1 X 5,0 Ah Batteries + chargeur
DCP580P2;385,4;variante absente;DeWalt DCP 580 P2 18 V Rabot sans fil 82 mm avec boîtier TSTAK VI + 2x
DCP580P2-QW;361,06;variante absente;DeWalt DCP580P2-QW
DCS312D2;164,8;variante absente;DeWalt DCS312D2
DCS312NT;199;variante absente;DeWalt DCS312NT
DCS331M;354,85;variante absente;DeWalt DCS331M
DCS331M1;282,02;variante absente;DeWalt DCS331M1
DCS331M2;328,62;variante absente;Dewalt DCS331M2 Scie Sauteuse + 2 X 4 Ah Batteries + chargeur et Coffr
DCS331NT;189,33;variante absente;DeWalt DCS331NT
DCS331P1;288,28;variante absente;DeWalt DCS331P1
DCS331P2;360,99;variante absente;DeWalt DCS331P2
DCS334E1;299,45;variante absente;DeWalt DCS 334 E1 Scie sauteuse oscillante sans fil 18 V Brushless + 1
DCS334E2;378,17;variante absente;DeWalt DCS 334 E2 Scie sauteuse oscillante sans fil 18 V Brushless + 2
DCS334E2T;400,39;variante absente;DeWalt DCS 334 E2T Scie sauteuse oscillante sans fil 18 V Brushless + 
DCS334M1;294,63;variante absente;DeWalt DCS334M1 Scie sauteuse sans fil 18V Brushless + 1x Batterie 4,0
DCS334M2;352,47;variante absente;DeWalt DCS 334 M2 Scie sauteuse sans fil à mouvement alternatif 18 V B
DCS334P1;302,66;variante absente;DeWalt DCS 334 P1 Scie sauteuse pendulaire sans fil Brushless 18V + 1x
DCS334P1T;313;variante absente;Scie sauteuse pendulaire DeWALT DCS334P1T (1 x 5,0 Ah + DCB115 + TSTAK
DCS334P2;368,53;variante absente;DeWalt DCS 334 P2 Scie sauteuse pendulaire sans fil Brushless 18V + 2x
DCS335H1;392,07;variante absente;DeWalt DCS 335 H1 Scie sauteuse sans fil 18 V 135 mm Brushless + 1x ba
DCS335M1;347,08;variante absente;DeWalt DCS 335 M1 Scie sauteuse sans fil 18V + 1x Batterie 4,0 Ah + Ch
DCS335M2;408,13;variante absente;DeWalt DCS 335 M2 Scie sauteuse sans fil 18V + 2x Batteries 4,0 Ah + C
DCS335NT;199,87;variante absente;DeWalt DCS335NT Solo in TSTAK
DCS335NT-XJ;343,5;variante absente;DeWalt Scie Sauteuse à Prise par le Corps Brushless XR 18V - DCS335NT-
DCS335P1;360,98;variante absente;DeWalt DCS 335 P1 Scie sauteuse sans fil 18V + 1x Batterie 5,0 Ah + Ch
DCS335P2;374,9;variante absente;DeWalt DCS335P2
DCS350;333,84;variante absente;DeWalt DCS350
DCS350N-XJ;379,44;variante absente;DeWalt 18V XR Threaded Rod Cutter - Bare Unit DCS350N-XJ
DCS353;127,44;variante absente;DeWalt DCS353
DCS353D2;229,9;variante absente;DeWalt DCS353D2
DCS353N;127,44;variante absente;DeWalt DCS353N
DCS353NT-XJ;159;variante absente;DeWalt DCS353NT-XJ
DCS355D1;181,16;variante absente;DeWalt DCS355D1
DCS355D2;199,7;variante absente;DeWalt DCS355D2
DCS355D2-QW;390,18;variante absente;DEWALT - Multi-Cutter Brushless - XR 18V - DCS355D2-QW - Multi-Cutter 
DCS355D2T-7;264;variante absente;DeWalt DCS355D2T-7
DCS355E1;213,34;variante absente;DeWalt DCS 355 E1 Oscillateur sans fil Multitool 18 V Brushless + 1x b
DCS355E2;280,82;variante absente;DeWalt DCS 355 E2 Oscillateur sans fil Multitool 18 V Brushless + 2x P
DCS355M1;245,87;variante absente;DeWalt DCS355M1 Outil oscillant multi-cutter sans fil 18V Brushless + 
DCS355M1-QW;229,32;variante absente;Dewalt DCS355M1-QW Multi-Cutter Sans Fil XR 18V 1 X 4.0Ah Li-Ion Sans 
DCS355M2;153,46;variante absente;DeWalt DCS355M2 + 2x Batterie 4,0 Ah + Chargeur + Accessoires + TSTAK
DCS355P1;252,52;variante absente;DeWalt DCS355P1 (1x 5 Ah + chargeur + ensemble d'accessoires 29 pièces
DCS355P1-QW;239,75;variante absente;Dewalt DCS355P1-QW Multi-Cutter Sans Fil XR 18V 1 X 5.0Ah Li-Ion Sans 
DCS355P1T;260;variante absente;DeWalt DCS355P1T
DCS355P2;325,23;variante absente;DeWalt DCS355P2 (2x 5 Ah + Chargeur + Ensemble accessoires 29 pièces +
DCS355P2-QW;305,82;variante absente;Dewalt DCS355P2-QW Multi-Cutter Sans Fil XR 18V 2 X 5.0Ah Li-Ion Sans 
DCS355P2T;337;variante absente;DeWalt DCS355P2T (2 x 5,0 Ah + chargeur + TSTAK II)
DCS356;146,82;variante absente;DeWalt DCS356
DCS356B;150,7;variante absente;DeWalt DCS356B
DCS356D1;249,92;variante absente;DEWALT Kit d'outils multifonctions oscillants XR 20 V MAX à vitesse va
DCS356E1T-XJ;246,46;variante absente;DeWalt DCS356E1T-XJ
DCS356M1;280,17;variante absente;DeWalt DCS356M1
DCS356M2;360,5;variante absente;Outil multifonction sans fil DeWalt DCS 356 M2 18 V sans balais + 2 ba
DCS356N;146,82;variante absente;DeWalt DCS356N 18 V
DCS356N-XJ;149,5;variante absente;DeWALT DCS356N-XJ Outil multifonction (18V) sans fil (sans batterie)
DCS356P1-QW;269,81;variante absente;Dewalt DCS356P1-QW Outil multifonction 18V XR (1x5,0 Ah) en coffret T-
DCS356P2;371,74;variante absente;DeWalt DCS356P2
DCS356P2-QW;293,56;variante absente;DeWalt DCS356P2-QW
DCS365M2;725,63;variante absente;DeWalt DCS365M2 XR XPS Scie à Onglets sans Fil 184mm 18V (DCS365M2)
DCS365P2;776,15;variante absente;DeWalt DCS365P2
DCS367H2T-QW;472,72;variante absente;DeWalt DCS367H2T-QW
DCS367P2;449,49;variante absente;DeWalt DCS367P2
DCS367P2-QW;446,27;variante absente;DeWALT DCS367P2-QW Kit De Scie Sabre Sans Fil Li-ion XR 18 V (2 Batter
DCS367P2-QW-;609,9;variante absente;Scie sabre compact XR 18V 5 Ah Li-Ion brushless DCS367P2-QW- 2 batteri
DCS367P2-XJ;439,13;variante absente;DeWalt DCS367P2-XJ
DCS369D2;302,1;variante absente;DeWalt DCS369D2
DCS369E1T-XJ;270,42;variante absente;DeWalt DCS369E1T-XJ
DCS369E2;321,38;variante absente;DeWalt DCS 369 E2 Akku Sbelsge Reciprosge 18 V Brushless + 2x Powersta
DCS369M1;241,06;variante absente;DeWalt DCS 369 M1 Scie Sabre sans Fil 18V Brushless (DCS369M1)
DCS369M2;317,1;variante absente;DeWalt DCS 369 M2 Scie sabre sans fil Scie réversible 18 V Brushless +
DCS369M2-QW;259,9;variante absente;DeWalt DCS369M2-QW
DCS369P1;245,87;variante absente;DeWalt DCS 369 P1 Scie sabre sans fil, réversible Brushless 18V + 1x B
DCS369P1T-QW;258,62;variante absente;Dewalt DCS369P1T-QW Scie sabre XR 18V 1 X 5.0 Ah batteries + chargeur 
DCS369P2;311,74;variante absente;DeWalt DCS 369 P2 Scie sabre sans fil Scie réversible Brushless 18V + 
DCS369P2T;339,8;variante absente;DeWalt DCS369P2T
DCS373M2;545,91;variante absente;DeWalt DCS373M2 Scie Circulaire à Métaux 18,0 Volt sur Batterie
DCS373NT;259,09;variante absente;DeWalt DCS373NT
DCS378N-XJ;356,9;variante absente;DeWalt DCS378N-XJ
DCS380M2;349,75;variante absente;DeWalt DCS380M2
DCS380N;179,64;variante absente;DeWalt DCS380N
DCS382NT-XJ;199,02;variante absente;DeWalt DCS382NT-XJ
DCS383H2;703,93;variante absente;Scie circulaire sans fil Dewalt 184 mm pour couper le métal 18 V XR, 2
DCS383H2-QW;744,85;variante absente;Dewalt DCS383H2-QW Scie circulaire à métaux 18V XR 190mm - 2 x 5,0Ah B
DCS386H2T;513,94;variante absente;DeWALT - Scie sabre à batterie 18 V, 2 batteries 5,0 Ah DCS386H2T
DCS386T1;539,04;variante absente;DeWalt DCS386T1
DCS389;268,66;variante absente;DeWalt DCS389
DCS389N;312,45;variante absente;DeWalt DCS389N
DCS389T2;810,08;variante absente;DeWalt DCS389T2 Scie sabre sans fil FlexVolt 54V, 2x 6Ah (DCS389T2)
DCS389T2-QW;559,01;variante absente;DeWalt DCS389T2-QW with 2x6,0Ah battery and charger in TSTAK VI
DCS389X2;980,34;variante absente;DeWalt DCS389X2 Scie Sabre Sans Fil FlexVolt 54V 2x9Ah (DCS389X2-GB)
DCS389X2-QW;636,18;variante absente;DeWalt DCS389X2-QW
DCS391;155,08;variante absente;DeWalt DCS391
DCS391N;155,08;variante absente;DeWalt DCS391N (sans batterie + chargeur)
DCS391NT;194,83;variante absente;DeWalt DCS391NT (sans batterie + T-STAK Box VI)
DCS391NT-XJ;352,44;variante absente;DEWALT - Scie Circulaire XR 18V - DCS391NT-XJ - Scie Circulaire sans F
DCS391P1;284,26;variante absente;Dewalt DCS391P1 Scie circulaire XR Li-Ion 18V 1 x 5.0Ah, chargeur et T
DCS391P2;347;variante absente;DeWalt DCS391P2 (2x 5,0 Ah + charger + TSTAK VI)
DCS391XR;232,94;variante absente;DeWalt DCS391XR (sans chargeur)
DCS438E2T-QW;341,84;variante absente;DeWalt DCS438E2T-QW (2 x 1,7 Ah + chargeur + Tstak box)
DCS491N;246,98;variante absente;DeWalt DCS491N
DCS491NT;284,99;variante absente;DeWalt DCS491NT
DCS512NT-XJ;179,94;variante absente;DeWalt DCS512NT-XJ
DCS512P2-QW;241,63;variante absente;DeWalt DCS512P2-QW
DCS520;783,94;variante absente;DeWalt DCS520
DCS520T1-QW;692,84;variante absente;Dewalt DCS520T1-QW Scie circulaire plongeante 54V XR FLEXVOLT - 1 batt
DCS520T2;783,94;variante absente;DeWalt DCS520T2
DCS520T2R;825,68;variante absente;DeWalt DCS520T2R
DCS520X1-QW;767,42;variante absente;Dewalt DCS520X1-QW Scie circulaire plongeante 54V XR FLEXVOLT - 1 batt
DCS520X2-QW;886,42;variante absente;Dewalt DCS520X2-QW Scie circulaire plongeante 54V XR FLEXVOLT - 2 batt
DCS565;377;variante absente;DeWalt DCS565
DCS565P2-QW;377;variante absente;DeWalt DCS565P2-QW (2 x 5,0 Ah + chargeur + coffret)
DCS565T1;391;variante absente;DeWalt DCS565T1 Scie Circulaire sans Fil 54V/18V 6,0Ah (DCS565T1)
DCS565T2;515;variante absente;DeWalt DCS565T2 Scie Circulaire sans Fil 54V/18V 6,0Ah (DCS565T2)
DCS570H2T;427,49;variante absente;DeWalt DCS570H2T
DCS570M1;291,42;variante absente;DeWalt DCS570M1
DCS570M2;352,47;variante absente;DeWalt DCS570M2
DCS570M2-QW;359,74;variante absente;Dewalt DCS570M2-QW Scie circulaire XR Li-Ion 18V Brushless + 2 x 4.0Ah
DCS570NT;207,41;variante absente;DeWalt DCS570NT
DCS570P1;298,39;variante absente;DeWalt DCS570P1 (1x 5,0 Ah + chargeur)
DCS570P1-QW;306,84;variante absente;Dewalt DCS570P1-QW Scie circulaire XR Li-Ion 18V Brushless + 1 x 5.0Ah
DCS570P1T;308;variante absente;DeWalt DCS570P1T (1 x 5,0 Ah)
DCS570P2;367,47;variante absente;DeWalt DCS570P2 (2x 5,0 Ah + chargeur)
DCS571E1T;289,72;variante absente;DeWalt DCS571E1T
DCS571NT-XJ;190,18;variante absente;DeWalt DCS571NT-XJ
DCS571P2-QW;398,14;variante absente;DeWalt DCS571P2-QW
DCS572;233,77;variante absente;DeWalt DCS572
DCS572H1;430,62;variante absente;DeWalt DCS 572 H1 Scie circulaire portative sans fil 18 V 184 mm Brush
DCS572H1-QW;394,75;variante absente;Dewalt DCS572H1-QW Scie circulaire XR 18V 184 mm - 1 X 5.0 Ah batterie
DCS572H2-QW;548,29;variante absente;Dewalt DCS572H2-QW Scie circulaire XR 18V 184 mm - 2 X 5.0 Ah batterie
DCS572M1;359,94;variante absente;DeWalt DCS 572 M1 Scie circulaire portative sans fil 18 V 184 mm Brush
DCS572M2;437,05;variante absente;DeWalt DCS572M2 (2x 4.0 Ah battery + charger + T-STAK)
DCS572N;249,79;variante absente;DeWalt DCS572N
DCS572P1;384,03;variante absente;DeWalt DCS572P1 (1x 5.0 Ah battery + charger + T-STAK)
DCS572P1-QW;384,61;variante absente;Dewalt DCS572P1-QW Scie circulaire XR 18V 184 mm - 1 X 5.0 Ah batterie
DCS572P2;446,69;variante absente;DeWalt DCS572P2 (2x 5.0 Ah battery + charger + T-STAK)
DCS572P2-QW;433,2;variante absente;DeWalt DCS572P2-QW
DCS573;256,1;variante absente;DeWalt DCS573
DCS573H2T;500,86;variante absente;DeWalt DCS573H2T
DCS573H2T-QW;500,86;variante absente;DeWalt DCS573H2T-QW
DCS573T1-QW;534,54;variante absente;DeWalt DCS573T1-QW XR
DCS575NT;421,6;variante absente;DeWalt DCS575NT 54 Volt XR FLEXVOLT (sans batterie en boîte T STAK VI)
DCS575T2;684,73;variante absente;DeWalt DCS575T2
DCS577T2;781,99;variante absente;DeWalt DCS577T2
DCS578N-XJ;343,48;variante absente;DeWalt DCS578N-XJ
DCS578NTA;789,69;variante absente;DeWALT - Scie circulaire sans fil 54 V, 190 mm, avec accessoires, 3 ba
DCS578T2;699,59;variante absente;DeWalt DCS578T2
DCS578X2-QW;745,11;variante absente;DeWalt DCS578X2-QW
DCS579;278,42;variante absente;DeWalt DCS579
DCS579NTA;833,67;variante absente;DeWALT - Scie circulaire sans fil 54 V, 190 mm, avec accessoires, 3 ba
DCS579T1-QW;498,32;variante absente;Dewalt DCS579T1-QW Scie circulaire Ø190mm 54V Brushless - 1X6.0Ah Batt
DCS579T2;639,74;variante absente;DeWalt DCS579T2
DCS579X1-QW;554,16;variante absente;Dewalt DCS579X1-QW Scie circulaire Ø190mm 54V Brushless - 1X9.0Ah Batt
DCS579X2-QW;666,43;variante absente;DeWalt DCS579X2-QW
DCS690X2-XJ;1188,15;variante absente;DeWalt DCS690X2-XJ (avec 2 batteries 54V 162 Wh Li-Ion)
DCS691X2;908,06;variante absente;DeWALT DCS691X2 Découpeuse a disque sans fil FlexVolt (230mm/54V/2x9,0
DCS691X2-QW;885,78;variante absente;DeWalt DCS691X2-QW (2 x 9,0 Ah + chargeur)
DCS727T2-QW;986,1;variante absente;DeWalt DCS727T2-QW
DCS7485N;568,02;variante absente;DeWalt DCS7485N 54 V XR FLEXVOLT (Solo)
DCS7485T2;1011,49;variante absente;DeWalt DCS7485T2 (2 x 54V XR FLEXVOLT Akkus)
DCS777T2;925,76;variante absente;DeWalt DCS777T2
DCV100E1;180,27;variante absente;DeWalt DCV 100 E1 Souffleur / Souffleuse de feuilles 18 V + 1x batteri
DCV100E2;247,74;variante absente;DeWalt DCV 100 E2 Souffleur / Souffleur de feuilles 18 V + 2x Powersta
DCV501HB;160,56;variante absente;DEWALT DCV501HB, aspirateur, mélange, jaune, taille unique
DCV501LM1;254,47;variante absente;DeWalt DCV 501 LM1 Aspirateur sans fil 18 V 0,7 l e poussière L + 1x b
DCV501LM2;315,52;variante absente;DeWalt DCV 501 LM2 Aspirateur sans fil 18 V 0,7 l e poussière L + 2x b
DCV501LP1;257,68;variante absente;DeWalt DCV 501 LP1 Aspirateur sans fil 18 V 0,7 l e poussière L + 1x b
DCV501LP2;326,76;variante absente;DeWalt DCV 501 LP2 Aspirateur sans fil 18 V 0,7 l e poussière L + 2x b
DCV517B;174,58;variante absente;DEWALT DCV517B Baretool 20V MAX Cordless 1/2 gallon Wet/Dry Portable V
DCV517D1-QW;191,73;variante absente;Dewalt DCV517D1-QW XR aspirateur sans fil 18V + 1x2.0Ah Batterie + Cha
DCV517M1-QW;208,75;variante absente;Dewalt DCV517M1-QW XR aspirateur sans fil 18V + 1x4.0Ah Batterie + Cha
DCV517P1;230,37;variante absente;DeWalt DCV 517 P1 Aspirateur à main sans fil 18 V 1,9 L + 1x batterie 
DCV517P1-QW;219,74;variante absente;Dewalt DCV517P1-QW XR aspirateur sans fil 18V + 1x5.0Ah Batterie + Cha
DCV517P2;296,24;variante absente;DeWalt DCV 517 P2 Aspirateur à main sans fil 18 V 1,9 L + 2x batterie 
DCV586MK-XJ;404;variante absente;DeWalt DCV586MK-XJ
DCV586MT2;636,18;variante absente;DeWalt DCV586MT2
DCV586MT2-GB;931,88;variante absente;DeWalt DCV586MT2-GB
DCW200D1;232,45;variante absente;Dewalt DCW200D1 Ponceuse vibrante sans fil 18 V 108x115 mm + 1 x 2,0Ah
DCW200D2;258,63;variante absente;Dewalt DCW200D2 Ponceuse vibrante sans fil 18 V 108x115 mm + 2 x 2,0Ah
DCW200M1;244,25;variante absente;Dewalt DCW200M1 Ponceuse vibrante sans fil 18 V 108x115 mm + 1 x 4,0Ah
DCW200M2;294,24;variante absente;Dewalt DCW200M2 Ponceuse vibrante sans fil 18 V 108x115 mm + 2 x 4,0Ah
DCW200N-XJ;136,8;variante absente;DeWalt DCW200N-XJ
DCW200NT;145,76;variante absente;DeWalt DCW200NT
DCW200P1;258,21;variante absente;Dewalt DCW200P1 Ponceuse vibrante sans fil 18 V 108x115 mm + 1 x 5,0Ah
DCW200P2;312,19;variante absente;DeWalt DCW200P2
DCW210D1;239,28;variante absente;Dewalt DCW210D1 Ponceuse excentrique 125 mm 18V Brushless + en TSTAK +
DCW210M1;265,15;variante absente;DeWalt DCW 210 M1 Ponceuse excentrique sans fil et sans balais 18V 12.
DCW210M2;326,2;variante absente;DeWalt DCW210M2
DCW210P1;255,51;variante absente;DeWalt DCW210P1 (1 x 5,0 Ah + chargeur)
DCW210P2;293,83;variante absente;DeWalt DCW210P2
DCW220N;255,85;variante absente;DeWalt DCW220N
DCW220P2;433,32;variante absente;DeWalt DCW220P2
DCW604D1;498,8;variante absente;DeWalt DCW604D1
DCW604M2;518,98;variante absente;DeWalt DCW604M2
DCW604N;303,95;variante absente;DeWalt DCW604N
DCW604P1-QW;438,26;variante absente;Dewalt DCW604P1-QW Affleureuse-défonceuse XR 18V 1 x 5Ah Li-ion en cof
DCW604P1T;491;variante absente;DeWalt DCW604P1T
DCW604P2;467,15;variante absente;DeWalt DCW604P2 XR 18V LI-ION 5,0AH
DCW620;379,14;variante absente;DeWalt DCW620
DCW620H2-QW;707,32;variante absente;DeWalt DCW620H2-QW
DCW682;269;variante absente;DeWalt DCW682
DCW682N;277,14;variante absente;DeWalt DCW682N
DCW682P2-QW;459,9;variante absente;DeWalt DCW682P2-QW
DGN845N;991,44;variante absente;DeWalt DGN845N Trak-It XR 18V Cloueuse à Béton sans Fil C6 13-40mm (DG
DNF25R50E;104,78;variante absente;DEWALT dnf25r50e - Clous tête Ronde Strass en Bobine 2,5 x 50 mm
DNF25R55S316E;359,4;variante absente;DEWALT PowerCoil ongles DNF 55 mm 5.94 KST. Bague S316, 1 pièce, dnf25
DNF25R64G12E;102,71;variante absente;DEWALT PowerCoil ongles DNF 64 mm 7.2 KST. Bague Galv., 1 pièce, dnf25
DNF25R70E;97,99;variante absente;DEWALT PowerCoil ongles DNF 70 mm 7.2 KST. Bague Tige, 1 pièce, dnf25r
DNF28R55E;129,03;variante absente;DEWALT PowerCoil ongles DNF 55 mm 7,5 KST. Bague Tige, 1 pièce, dnf28r
DNF28R60G12E;120,68;variante absente;DEWALT PowerCoil ongles DNF 60 mm 7,5 KST. Bague Galv., 1 pièce, dnf28
DNF28R65G12E;115,09;variante absente;DEWALT PowerCoil ongles DNF 65 mm 6 KST. Bague Galv., 1 pièce, dnf28r6
DNF28R80E;78,91;variante absente;DEWALT dnf28r80e PowerCoil ongles DNF 80 mm 6 KST. Anneau Tige, Lot de
DNM40R50GZ;126,38;variante absente;DeWALT DNM40R50GZ Clous anneau GAL, Argent, 4x50mm Set de 2000 Pieces
DNM40R60GZ;109,99;variante absente;DeWalt Clous d'ancrage tige annulaire galvanisé 60mm 33 degrés 2000 pi
DNN20R32S316E;305,27;variante absente;DEWALT DNN20R32S316E Coil Clou 2.03-32 Ring Ss316 10.5 M
DNN20R35E;79,05;variante absente;DEWALT DNN20R35E Coil Clou 2.03-35 Ring 21 M
DNN20R35G12E;99,87;variante absente;DEWALT PowerCoil ongles Dnn, galvanisé, 24,5 K Stück, DNN20R35G12E
DNN20R38G12E;107,36;variante absente;DEWALT PowerCoil ongles Dnn, galvanisé, 24,5 K Stück, DNN20R38G12E
DNN20R38S316E;215,89;variante absente;DEWALT DNN20R38S316E Clous en bobine série N tête ronde, angle 15° Rin
DNN20R45G12E;159,5;variante absente;DEWALT PowerCoil ongles Dnn, galvanisé, 24,5 K Stück, DNN20R45G12E
DNN20R45S316E;239,54;variante absente;DEWALT DNN20R45S316E Boulons en bobine Série N Tête ronde, Angle 15° R
DNN20R55E;77,7;variante absente;DEWALT DNN20R55E Clous en bobine série N tête ronde, angle 15° Ring no
DNN20R55S316E;133,55;variante absente;DEWALT DNN20R55S316E Coil Clou 2.03-55 Ring Ss316 7M
DNPT28R;83,19;variante absente;Pack de 2200 pointes crantées électro-zinguées 33° DEWALT DNPT28R
DNPT28R63SZ;107,92;variante absente;DeWALT DNPT28R63SZ Clous en bande papier DNPT, cranté, inoxydable, 63 
DNPT28R63Z;92,04;variante absente;Dewalt DNPT28R63Z Pointes en bande papier 33° crantées 2.8x63mm
DNPT28R75G12Z;80,83;variante absente;Pointes crantées galvanisées DEWALT 2,8 x 75 mm - Boite de 2200 - DNPT
DNPT31R90HDZ;89,69;variante absente;Pointes crantées galvanisées à chaud DEWALT 3,1 x 90 mm - Boite de 120
DNPT31R90Z;79,91;variante absente;DeWalt DNPT31R90Z Pointes en bande papier 33° crantées 3.1x90mm Argent
DNW28R50E;78,26;variante absente;Clous bande métal 33° brillant 50 mm DNW28R50E
DNW28R50G12E;82,81;variante absente;DeWalt DNW28R50G12E
DNW28R70E;80,18;variante absente;DEWALT DNW28R70E Lot de 2200 clous pour cloueuse sans fil, inclinés à 
DNW28R75E;94,4;variante absente;DeWalt DNW28R75E - Tête ronde brillante pour cadre 2,8 x 75 mm Argent 
DNW28R75G12E;81,32;variante absente;DEWALT DNW28R75G12E Clou, Argent, Taille 34/75 mm, Set de 2200 Pièces
DNW31R75E;86,83;variante absente;DeWalt DNW31R75E Pointes en Bande Métal 34° Crantées, 3.1mm x 75mm, Ar
DNW31R90G12E;86,25;variante absente;DEWALT DNW31R90G12E
DPN1850-XJ;155,68;variante absente;DeWalt DPN1850-XJ
DPN9033SM;753,3;variante absente;DeWalt DPN9033SM
DW088;108;variante absente;DeWalt DW088
DW088CGTRI;250,39;variante absente;DeWalt DW088CGTRI
DW088KD-XJ;246,31;variante absente;DeWalt DW088KD-XJ
DW088KPOL;277;variante absente;DeWalt DW088KPOL
DW088KTRI;177,14;variante absente;DeWalt DW088KTRI
DW089CG-XJ;303,08;variante absente;DeWalt DW089CG-XJ
DW089LG;138,55;variante absente;Niveau Laser Vert 3 Lignes 360° DEWALT DW089LG 12V Autonivelant Pro
DW274K;202,8;variante absente;DeWalt DW274K
DW274KN;225,92;variante absente;DeWalt DW274KN
DW331KT;259,26;variante absente;DeWalt DW331KT
DW621K-QS;387,55;variante absente;DeWalt DW621K-QS
DW621KT;399;variante absente;DeWalt DW621KT
DW680;218,1;variante absente;DeWalt DW680
DWD024;129,61;variante absente;DeWalt DWD024 650W
DWD024K;79,99;variante absente;DeWalt DWD024K
DWE305;144,91;variante absente;DeWalt DWE305
DWE315KT;139,01;variante absente;DeWalt DWE315KT
DWE315KTA;199,89;variante absente;DeWALT - Ponceuse multi-fonction oscillante 300 W, avec accessoires DW
DWE315SF-QS;129,99;variante absente;Outil multifonction filaire 230V DEWALT DWE315SF-QS 300W
DWE4206K;176,99;variante absente;DeWalt DWE4206K
DWE4207K;86,9;variante absente;DeWalt DWE4207K
DWE4217KT;234,29;variante absente;DeWalt DWE4217KT
DWE4237K-QS;125,4;variante absente;Meuleuse 1400 W 125 mm interrupteur glissière + coffret DEWALT DWE4237
DWE4257;125,99;variante absente;DeWalt DWE4257
DWE4257KTA;323,53;variante absente;DeWALT - Meuleuse d'angle 125 mm, 1500 W, avec accessoires DWE4257KTA
DWE4579R-QS;439,71;variante absente;DeWalt DWE4579R-QS
DWE492DUO2;183,12;variante absente;DeWalt DWE492DUO2
DWE492GK;225,46;variante absente;Ensemble d'outils DeWALT DWE492GK
DWE492GK-QS;292,24;variante absente;DEWALT DWE492GK-QS meuleuse d'angle 230 mm 2200 W + casque + disque di
DWE492K;152,21;variante absente;DeWalt DWE492K
DWE492S;117,62;variante absente;DeWalt DWE492S
DWE492SDT-QS;256,92;variante absente;DeWalt DWE492SDT-QS
DWE492TWIN2;241,56;variante absente;Meuleuse d'angle DeWALT 230 mm DWE492TWIN2
DWE492TWIN2-QS;363,7;variante absente;Duo de meuleuses 125/230 mm DEWALT DWE492TWIN2-QS
DWE494TWIN;229,99;variante absente;DeWalt DWE494TWIN
DWE560K;146,1;variante absente;DeWalt DWE560K
DWE576KR-QS;294,9;variante absente;DeWalt DWE576KR-QS
DWE625;431,28;variante absente;DeWalt DWE625
DWE625-QS;431,28;variante absente;DeWalt DWE625-QS
DWE7485RS-QS;576,68;variante absente;DeWalt DWE7485RS-QS + DE7400-XJ
DWH161;279;variante absente;DeWalt DWH161 Aspirateur Filtre HEPA, 18V, TSTAK II (DWH161D1T-7)
DWH161D2T-7;313;variante absente;DeWalt DWH161D2T-7 Aspirateur 2x2,0Ah avec DCB107 et TSTAK II (DWH161D
DWH161N;154,81;variante absente;DeWalt DWH161N Universal
DWH161P2T;376;variante absente;DeWalt DWH161P2T Aspirateur 2x5,0Ah avec DCB115 et TSTAK II (DWH161P2T
DWK1100;2253;variante absente;DeWalt DWK1100 (3 x 5,0 Ah + chariot 3in1)
DWK1101;2509;variante absente;DeWalt DWK1101 (3 x 5,0 Ah + chariot 3en1)
DWK1102;2387;variante absente;DeWalt DWK1102 (3 x 5,0 Ah + caddy 3in1)
DWK1103;2431;variante absente;DeWalt DWK1103 (3 x 5,0 Ah + chariot 3en1)
DWK1200;2519;variante absente;DeWalt DWK1200 (3 x 5,0 Ah + caddy 3in1)
DWK1201;2618;variante absente;DeWalt DWK1201 (3 x 5,0 Ah + caddy 3in1)
DWK1202;2453;variante absente;DeWalt DWK1202 (3 x 5,0 Ah + caddy 3in1)
DWK1203;2607;variante absente;DeWalt DWK1203 (3 x 5,0 Ah + caddy 3in1)
DWK600;1474;variante absente;DeWalt DWK600 (3 x 5,0 Ah + Chariot 3in1)
DWK601;1661;variante absente;DeWalt DWK601 (3 x 5,0 Ah + chariot 3en1)
DWK700;1716;variante absente;DeWalt DWK700 (3 x 5,0 Ah + Chariot 3en1)
DWK701;1780;variante absente;DeWalt DWK701 (3 x 5,0 Ah + Chariot 3in1)
DWK702;1620;variante absente;DeWalt DWK702 (3 x 5,0 Ah + caddy 3in1)
DWK800;1714;variante absente;DeWalt DWK800 (3 x 5,0 Ah + chariot 3en1)
DWK801;1837;variante absente;DeWalt DWK801 (3 x 5,0 Ah + chariot 3en1)
DWK802;1686;variante absente;DeWalt DWK802 (3 x 5,0 Ah + caddy 3in1)
DWK803;1843;variante absente;DeWalt DWK803 (3 x 5,0 Ah + chariot 3in1)
DWK804;1714;variante absente;DeWalt DWK804 (3 x 5,0 Ah + Chariot 3en1)
DWK805;1925;variante absente;DeWalt DWK805 (3 x 5,0 Ah + Chariot 3in1)
DWK900;1903;variante absente;DeWalt DWK900 (3 x 5,0 Ah + caddy 3in1)
DWK901;2036;variante absente;DeWalt DWK901 (3 x 5,0 + trolley 3in1)
DWS520;335,11;variante absente;DeWalt DWS520
DWS520K;369;variante absente;DeWalt DWS520K
DWS520KTR;403,09;variante absente;DeWalt DWS520KTR
DWV905H;1288,36;variante absente;DeWalt DWV905H Aspirateur Classe H 38L 1400W 240V (DWV905H-GB)
DWV905H-LX;1278,85;variante absente;DeWalt DWV905H-LX Aspirateur Classe H 38L 1400W 110V (DWV905H-LX)
DWV905H-QS;661,73;variante absente;DeWalt DWV905H-QS
DWV905MKIT-QS;756,98;variante absente;DeWalt DWV905MKIT-QS
DXCMB75T500HFE;2065,97;variante absente;DeWalt DXCMB75T500HFE - Compresseur d'air électrique triphasé par cour
DXCMS2550VE;339;variante absente;DeWalt DXCMS2550VE
DXMA1902093;124,99;variante absente;DeWalt Casque Tour de Cou Bluetooth 2-en-1 avec Haut-parleurs Intégrés
DXPW001CE;518,52;variante absente;DeWalt DXPW001CE
DXPW001DTS;353,47;variante absente;DeWalt DXPW001DTS
DXPW001ME;345,98;variante absente;DeWalt DXPW001ME
DXPW002E;833,76;variante absente;DeWalt DXPW002E
DXPW002I;347,2;variante absente;DeWalt DXPW002I Nettoyeur Haute Pression - 2200 W - 160 Bars
DXPW002M;358,56;variante absente;DeWALT Pressure washer 230V DXPW002M DEWALT
DXPW002ME;345,99;variante absente;DeWalt DXPW002ME
DXPW003;565;variante absente;DEWALT DXPW003 - Nettoyeur haute pression semi-professionnel à eau fro
DXPW003H;695;variante absente;DEWALT DXPW003H - Nettoyeur haute pression semi-professionnel à eau fr
DXV15T;145;variante absente;DeWalt DXV15T (15 L)
DXV15TA;153,8;variante absente;DeWalt DXV15TA Aspirateur Toolbox Sec et Humide 15L 1100W 240V (DXV15T
DXV20PA;105,65;variante absente;DeWalt DXV20PA Aspirateur Eau et Poussières 20L 1050W 240V (DXV20PA)
DXV20PB;300;variante absente;DeWalt DXV20PB
DXV20PTA;190,57;variante absente;DeWalt DXV20PTA
DXV23GA;267,7;variante absente;DeWalt DXV23GA Aspirateur Eau et Poussières 1100W 23L (DXV23GA)
DXV23PLPTA;183,93;variante absente;DeWalt DXV23PLPTA
FVK271X2-QW;1098;variante absente;DeWalt Kit FVK271X2-QW 54V/18V (3071)
FVK381T2HD-QW;1195;variante absente;DeWalt Kit FVK381T2HD-QW 54V/18V (3060)
FVK381T3-QW;1283;variante absente;DeWALT Kit FVK381T3-QW 54V/18V (DCH333 + DCD796 + DCG418 + 3 x 6.0 Ah 
FVK381T3HD-QW;1327;variante absente;DeWalt Kit FVK381T3HD-QW 54V/18V (3062)
FVK381TST2HD-QW;1260;variante absente;DeWALT Kit FVK381TST2HD-QW 54V/18V (DCH333 + DCD996 + DCG418 + 2 x 6.0
FVK381TST3HD-QW;1399;variante absente;DeWALT Kit FVK381TST3HD-QW 54V/18V (DCH333 + DCD996 + DCG418 + 3 x 6.0
FVK381TSX2HD-QW;1257;variante absente;DeWalt Kit FVK381TSX2HD-QW 54V/18V (3086)
FVK381X3HD-QW;1327;variante absente;DeWalt FVK381X3HD-QW
