Référence;Titre sur mon site;Mon prix de vente (€);Ma famille;D où vient la fiche;URL idealo à vérifier
DT5563;DeWALT DT5563 — EXTREME 2 HSS-G Foret métal 13 x 151 x 98 mm Grand pack (DT5563);132,79;Quincaillerie;Import DeWALT idealo : 931 fiches par l'outil ;https://www.idealo.fr/prechcat/100oM122663.html?q=DT5563
D26411-QS;DeWALT D26411-QS — Décapeur thermique 1800 W D26411-QS;129,14;Accessoires;catalogue : 129 fiches clickoutil + alias -XJ ;https://www.idealo.fr/prechcat/100oM122663.html?q=D26411-QS
DT9572-QZ;DeWALT DT9572-QZ — SDS-plus 14x1000x950 mm DT9572-QZ;127,84;Quincaillerie;Import DeWALT idealo : 931 fiches par l'outil ;https://www.idealo.fr/prechcat/100oM122663.html?q=DT9572-QZ
DT71517T;DeWALT DT71517T — Accessoire d'angle DEWALT (90°, inclut 9 embouts de vissage à couple élevé, adapté à une utilisation avec des visseuses;127,66;Quincaillerie;Import DeWALT idealo : 931 fiches par l'outil ;https://www.idealo.fr/prechcat/100oM122663.html?q=DT71517T
DT99576;DeWALT DT99576 — DT99576;124,33;Quincaillerie;Import DeWALT idealo : 931 fiches par l'outil ;https://www.idealo.fr/prechcat/100oM122663.html?q=DT99576
DWST60103-1;DeWALT DWST60103-1 — Sac à outils DWST60103-1;119,32;Rangements;catalogue : 129 fiches clickoutil + alias -XJ ;https://www.idealo.fr/prechcat/100oM122663.html?q=DWST60103-1
DT3796-QZ;DeWALT DT3796-QZ — Plateau de surfaçage pour la pierre Ø125 mm M14 double DT3796-QZ;106,98;Accessoires;catalogue : 129 fiches clickoutil + alias -XJ ;https://www.idealo.fr/prechcat/100oM122663.html?q=DT3796-QZ
DW055PL-XJ;DeWALT DW055PL-XJ — Télémètre laser de poche 16m DW055PL-XJ;106,98;Accessoires;catalogue : 129 fiches clickoutil + alias -XJ ;https://www.idealo.fr/prechcat/100oM122663.html?q=DW055PL-XJ
DCB107-QW;DeWALT DCB107-QW — Chargeur 10.8-18V DCB107-QW;82,38;Batteries et chargeurs;catalogue : 129 fiches clickoutil + alias -XJ ;https://www.idealo.fr/prechcat/100oM122663.html?q=DCB107-QW
