Reference;Titre;Prix idealo (€);Pourquoi ecarter
DW087K;DEWALT Trépied Mini Léger Métal Renforcé Compatible avec DW087K, DW088K, DW089K, DW082K, DW084K - Rotation 360° - Montag;89,04;apres-marche ou vendeur tiers, pas un produit DeWALT authentique en direct
DWST82823;DEWALT Organiseur d'outils, Support pour Outils électriques, se Monte sur des Rails métalliques, Compatible avec Le syst;108,78;apres-marche ou vendeur tiers, pas un produit DeWALT authentique en direct
DCA1820;DeWalt Adaptateur de batterie pour outil de 18 V, DCA1820;118,21;apres-marche ou vendeur tiers, pas un produit DeWALT authentique en direct
P121-23;DeWalt Boulon de remplacement pour sécateurs P121-23;295,68;apres-marche ou vendeur tiers, pas un produit DeWALT authentique en direct
DCB200;Chargeur de batterie 100% authentique DEWALT 20V Max 2/5/6/9Ah, série Li-Ion XR pour outils électriques, batterie DCB200;79,99;apres-marche ou vendeur tiers, pas un produit DeWALT authentique en direct
DCB184;Batterie de remplacement 100% originale 20V 6.0Ah MAX pour outils électriques DeWalt DCB184 DCB181 DCB182 DCB200 20V 5A ;80,39;apres-marche ou vendeur tiers, pas un produit DeWALT authentique en direct
DCD805;100% Original DEWALT 20V 6.0Ah Batterie au lithium rechargeable sans balais, tournevis électrique compact, perceuse à ma;80,69;apres-marche ou vendeur tiers, pas un produit DeWALT authentique en direct
DCB606;Batterie DeWALT 100% originale 20V/60V 6Ah 9Ah MAX FlexVolt pour outil électrique DCB606 DCB205 DCB206 DCB209 DCB182 ave;81,14;apres-marche ou vendeur tiers, pas un produit DeWALT authentique en direct
DWE20V;Batterie Dewalt originale 60V/20V, batterie 5AH 6AH 9AH, batterie pour outils électriques DeWalt série DCF DCD DCG DCS D;82,39;apres-marche ou vendeur tiers, pas un produit DeWALT authentique en direct
DCB609;Batterie Dewalt originale 100% authentique 20V/60V 9.0Ah MAX 9000mAh FlexVolt DCB609 DCB202 DCB205 DCB206 DCB209 Outil é;82,39;apres-marche ou vendeur tiers, pas un produit DeWALT authentique en direct
RB336;Batterie AKKU POWER RB336 pour DEWALT 24V 3AH Ni-Mh type DE0240;84,50;apres-marche ou vendeur tiers, pas un produit DeWALT authentique en direct
RB3019;Batterie AKKU POWER RB3019 pour DEWALT 14.4V 4Ah Li-ion type DCB142;85,00;apres-marche ou vendeur tiers, pas un produit DeWALT authentique en direct
DCB206;Batterie d'outil électrique 100% originale DeWALT 20V 6000mAh DCB206 DCB205 DCB200 DCF887 DCG405 DCD791 DCF922 DCF850 DC;86,39;apres-marche ou vendeur tiers, pas un produit DeWALT authentique en direct
GDE1220MH;Batterie 12v 2ah ni-mh - AKKU POWER GMBH - DEWALT - GDE1220MH;90,14;apres-marche ou vendeur tiers, pas un produit DeWALT authentique en direct
DCE530N-XJ;DEWALT Décapeur Thermique XR 18V DCE530N-XJ & Batterie 4 Ah Li-ION - DCB182-XJ - Compatible avec Tous Les Outils XR 18V ;150,58;apres-marche ou vendeur tiers, pas un produit DeWALT authentique en direct
