Référence;Titre sur mon site;Ma famille;Ancien prix (€);Nouveau prix (€);Écart (€);Sens;Coût idealo relevé (€)
DCF894N-XJ;"DeWALT DCF894N-XJ — Clé à Chocs Compacte 1/2"" XR 18V sans Batterie ni Chargeur DCF894N-XJ";Perçage, vissage et boulonnage;339,86;567,98;228,12;HAUSSE;424,50
DW711;DeWALT DW711 — DW711;Scies;1287,82;1406,26;118,44;HAUSSE;1105,55
DCH273P1T-QW;DeWALT DCH273P1T-QW — Perforateur burineur SDS-Plus 18V XR (1×5,0 Ah + chargeur + coffret);Perforateurs;412,73;510,72;97,99;HAUSSE;358,90
DCK2225MP2T;DeWALT DCK2225MP2T — Kit DeWALT DCK2225MP2T McLaren (DCF99M + DCG45M + 2 batteries de 5,0 Ah + DCB1104 + TSTAK VI);Combos;812,95;904,82;91,87;HAUSSE;698,17
D27107XPS;DeWALT D27107XPS — D27107XPS;Scies;1599,55;1690,34;90,79;HAUSSE;1336,24
DCN930N;DeWALT DCN930N — Cloueur de charpente 18V XR Brushless 30° (machine seule);Cloueurs;465,30;551,69;86,39;HAUSSE;392,10
DCS572NT-XJ;DeWALT DCS572NT-XJ — Scie circulaire 18V Ø184 mm DCS572NT-XJ;Scies;268,70;333,36;64,66;HAUSSE;233,77
DCB116-QW;DeWALT DCB116-QW — Chargeur 12-54V DCB116-QW;Batteries et chargeurs;106,98;167,21;60,23;HAUSSE;98,82
DXV23PTA;DeWALT DXV23PTA — Aspirateur eau et poussières 1150W - cuve 23L + prise asservie - DXV23PTA DEWALT;Aspirateurs;217,03;271,07;54,04;HAUSSE;183,15
DCH263N;DeWALT DCH263N — Machine nue, sans batterie ni chargeur;Perforateurs;233,48;280,69;47,21;HAUSSE;191,08
DCW210N-XJ;DeWALT DCW210N-XJ — Ponceuse Ø125 mm 18V DCW210N-XJ;Meulage, découpe et polissage;176,44;220,81;44,37;HAUSSE;142,37
DWMT73803;DeWALT DWMT73803 — DWMT73803;Combos;368,75;411,02;42,27;HAUSSE;296,98
DCS727N;DeWALT DCS727N — Machine nue, sans batterie ni chargeur;Scies;987,60;1028,86;41,26;HAUSSE;798,80
DCW600N-XJ;DeWALT DCW600N-XJ — Affleureuse XR 18V DCW600N-XJ;Défonceuses;245,66;285,82;40,16;HAUSSE;195,10
DCF897N-XJ;DeWALT DCF897N-XJ — DeWalt DCF 897 NT;Perçage, vissage et boulonnage;342,19;375,83;33,64;HAUSSE;268,26
DPN75C-XJ;DeWALT DPN75C-XJ — DPN75C-XJ;Perçage, vissage et boulonnage;486,74;518,14;31,40;HAUSSE;383,80
DCM200N;DeWALT DCM200N — Lime à bande 18V DCM200N;Meulage, découpe et polissage;324,89;353,23;28,34;HAUSSE;249,99
DCE555N-XJ;DeWALT DCE555N-XJ — Fraiseuse pour placo 18V DCE555N-XJ;Défonceuses;182,58;209,82;27,24;HAUSSE;133,39
DWE4206-QS;DeWALT DWE4206-QS — DWE4206-QS;Meulage, découpe et polissage;174,37;200,65;26,28;HAUSSE;125,96
DCS334N-XJ;DeWALT DCS334N-XJ — Scie sauteuse 18V DCS334N-XJ;Scies;232,33;257,46;25,13;HAUSSE;172,10
DWS773;DeWALT DWS773 — DWS773;Scies;316,28;340,61;24,33;HAUSSE;239,70
DCG200NT;DeWALT DCG200NT — Machine nue, sans batterie ni chargeur, coffret TSTAK;Meulage, découpe et polissage;495,18;519,04;23,86;HAUSSE;384,76
DCB104-QW;DeWALT DCB104-QW — DCB104-QW;Batteries et chargeurs;243,38;265,99;22,61;HAUSSE;179,12
D25881K-QS;DeWALT D25881K-QS — D25881K-QS;Perforateurs;756,60;778,25;21,65;HAUSSE;594,99
DXVCS003;DeWALT DXVCS003 — DXVCS003;Aspirateurs;160,03;181,54;21,51;HAUSSE;110,49
DCR019;DeWALT DCR019 — DCR019;Accessoires;167,10;187,39;20,29;HAUSSE;115,18
DWK405PS;DeWALT DWK405PS — DWK405PS;Combos;1286,21;1305,35;19,14;HAUSSE;1023,00
DWE7492-QS;DeWALT DWE7492-QS — Scie sur table DWE7492-QS Ø250 mm;Scies;777,22;796,27;19,05;HAUSSE;609,70
DCE085D1G;DeWALT DCE085D1G — 1 batterie de 2 Ah XR;Accessoires;529,68;548,65;18,97;HAUSSE;408,53
DWK601T;DeWALT DWK601T — DWK601T;Combos;1904,11;1923,02;18,91;HAUSSE;1525,00
DWK700T;DeWALT DWK700T — DWK700T;Combos;1904,11;1923,02;18,91;HAUSSE;1525,00
DWK802T;DeWALT DWK802T — DWK802T;Combos;1990,80;2009,70;18,90;HAUSSE;1595,00
DWK804T;DeWALT DWK804T — DWK804T;Combos;2112,18;2131,06;18,88;HAUSSE;1694,00
DWK801T;DeWALT DWK801T — DWK801T;Combos;2107,15;2126,02;18,87;HAUSSE;1690,00
DWK803T;DeWALT DWK803T — DWK803T;Combos;2137,34;2156,21;18,87;HAUSSE;1714,00
DWK701T;DeWALT DWK701T — DWK701T;Combos;2093,32;2112,18;18,86;HAUSSE;1679,00
DWK900T;DeWALT DWK900T — DWK900T;Combos;2172,10;2190,95;18,85;HAUSSE;1743,00
DXGNI20E;DeWALT DXGNI20E — DXGNI20E;Accessoires;856,27;875,10;18,83;HAUSSE;673,67
DWK901T;DeWALT DWK901T — DWK901T;Combos;2345,59;2364,42;18,83;HAUSSE;1884,00
DCH733N-XJ;DeWALT DCH733N-XJ — Machine nue, sans batterie ni chargeur;Perforateurs;2603,33;2622,13;18,80;HAUSSE;2092,68
DWK1100T;DeWALT DWK1100T — DWK1100T;Combos;2749,39;2768,17;18,78;HAUSSE;2211,00
DCH172N-XJ;DeWALT DCH172N-XJ — Perforateur SDS Plus 18V DCH172N-XJ;Perforateurs;211,46;230,23;18,77;HAUSSE;149,99
DWK1103T;DeWALT DWK1103T — DWK1103T;Combos;2871,05;2889,82;18,77;HAUSSE;2310,00
DWK1200T;DeWALT DWK1200T — DWK1200T;Combos;2884,81;2903,57;18,76;HAUSSE;2321,00
DWK1202T;DeWALT DWK1202T — DWK1202T;Combos;2884,81;2903,57;18,76;HAUSSE;2321,00
DCN682N;DeWALT DCN682N — Machine nue, sans batterie ni chargeur;Perçage, vissage et boulonnage;567,31;586,07;18,76;HAUSSE;439,00
DWK1101T;DeWALT DWK1101T — DWK1101T;Combos;2824,76;2843,52;18,76;HAUSSE;2273,00
DWK301;DeWALT DWK301 — DWK301;Combos;893,63;912,38;18,75;HAUSSE;704,00
DWK207;DeWALT DWK207 — DWK207;Combos;568,66;587,40;18,74;HAUSSE;440,00
DWK1201T;DeWALT DWK1201T — DWK1201T;Combos;3086,28;3105,01;18,73;HAUSSE;2486,00
DWK1203T;DeWALT DWK1203T — DWK1203T;Combos;3218,68;3237,41;18,73;HAUSSE;2592,00
DCPS7154N-XJ;DeWALT DCPS7154N-XJ — Machine nue, sans batterie ni chargeur;Batteries et chargeurs;3780,08;3798,78;18,70;HAUSSE;3048,78
DWK205;DeWALT DWK205 — DWK205;Combos;577,15;595,85;18,70;HAUSSE;447,00
DCMWP500N-XJ;DeWALT DCMWP500N-XJ — Machine nue, sans batterie ni chargeur;Tronçonnage et élagage;688,00;706,69;18,69;HAUSSE;537,00
DCK791;DeWALT DCK791 — DCK791;Combos;404,18;422,84;18,66;HAUSSE;306,41
DCK2223MP2T;DeWALT DCK2223MP2T — DeWalt 18V Combopack DCK2223MP2T 2x5Ah battery (DCD86M+DCG45M) in TSTAK;Combos;697,88;716,54;18,66;HAUSSE;544,90
DXF2067;DeWALT DXF2067 — Ventilateur de Sol Tambour 110W 50cm (DXF2067);Accessoires;470,10;488,75;18,65;HAUSSE;359,90
D25430K;DeWALT D25430K — D25430K;Perforateurs;519,35;537,98;18,63;HAUSSE;399,99
DWK208;DeWALT DWK208 — DWK208;Combos;523,02;541,63;18,61;HAUSSE;403,00
DWK222;DeWALT DWK222 — DWK222;Combos;717,44;736,03;18,59;HAUSSE;561,00
DWK201;DeWALT DWK201 — DWK201;Combos;528,02;546,60;18,58;HAUSSE;407,00
DXRH012E;DeWALT DXRH012E — DXRH012E;Accessoires;412,42;430,99;18,57;HAUSSE;312,99
DCS398T2;DeWALT DCS398T2 — Alligator FLEXVOLT DCS398T2 (2 x 2 Ah + charger);Scies;993,30;1011,85;18,55;HAUSSE;784,99
DCH832XN-XJ;DeWALT DCH832XN-XJ — Machine nue, sans batterie ni chargeur;Perforateurs;605,59;624,14;18,55;HAUSSE;469,99
DWK402;DeWALT DWK402 — DWK402;Combos;1002,34;1020,89;18,55;HAUSSE;792,00
DWK303PS;DeWALT DWK303PS — DWK303PS;Combos;1064,81;1083,25;18,44;HAUSSE;843,00
DWK200;DeWALT DWK200 — DWK200;Combos;550,22;568,66;18,44;HAUSSE;425,00
DWK210;DeWALT DWK210 — DWK210;Combos;636,48;654,89;18,41;HAUSSE;495,00
DWK204;DeWALT DWK204 — DWK204;Combos;555,18;573,58;18,40;HAUSSE;429,00
DWK209;DeWALT DWK209 — DWK209;Combos;555,18;573,58;18,40;HAUSSE;429,00
DWK306PS;DeWALT DWK306PS — DWK306PS;Combos;1096,54;1114,93;18,39;HAUSSE;869,00
DWK403;DeWALT DWK403 — DWK403;Combos;1105,52;1123,91;18,39;HAUSSE;876,00
DW304PK;DeWALT DW304PK — DW304PK;Scies;335,02;353,39;18,37;HAUSSE;250,10
DWK304PS;DeWALT DWK304PS — DWK304PS;Combos;1123,91;1142,27;18,36;HAUSSE;891,00
DCE822NG18-XJ;DeWALT DCE822NG18-XJ — 1 batterie de 3 Ah XR;Accessoires;506,03;524,38;18,35;HAUSSE;389,00
DCS781N-XJ;DeWALT DCS781N-XJ — Scie à onglet radiale Ø305 mm DCS781N-XJ;Scies;1134,17;1152,52;18,35;HAUSSE;899,00
DCH274N;DeWALT DCH274N — Machine nue, sans batterie ni chargeur;Perforateurs;433,44;451,78;18,34;HAUSSE;330,00
DCR017;DeWALT DCR017 — DCR017;Accessoires;510,20;528,53;18,33;HAUSSE;392,37
DWK400;DeWALT DWK400 — DWK400;Combos;1151,23;1169,56;18,33;HAUSSE;913,00
DXF1853;DeWALT DXF1853 — DXF1853;Accessoires;433,31;451,63;18,32;HAUSSE;329,90
DCF922N-XJ;"DeWALT DCF922N-XJ — Boulonneuse à chocs compacte 1/2"" 18V XR 406 Nm (machine seule)";Perçage, vissage et boulonnage;194,94;213,24;18,30;HAUSSE;136,17
DWK307PS;DeWALT DWK307PS — DWK307PS;Combos;1164,43;1182,72;18,29;HAUSSE;924,00
DCBPS0554-XJ;DeWALT DCBPS0554-XJ — Powershift battery 554 Wh 10 Ah (DCBPS0554-XJ);Batteries et chargeurs;1164,43;1182,72;18,29;HAUSSE;924,00
DCS350NT-XJ;DeWALT DCS350NT-XJ — DeWalt 18V XR Threaded Rod Cutter - Bare Unit DCS350N-XJ;Scies;438,08;456,36;18,28;HAUSSE;333,84
DWK401;DeWALT DWK401 — DWK401;Combos;1191,68;1209,94;18,26;HAUSSE;946,00
DWK223;DeWALT DWK223 — DWK223;Combos;826,10;844,34;18,24;HAUSSE;649,00
DCMBC823N-XJ;DeWALT DCMBC823N-XJ — Machine nue, sans batterie ni chargeur;Tronçonnage et élagage;678,48;696,70;18,22;HAUSSE;529,00
DWK308PS;DeWALT DWK308PS — DWK308PS;Combos;1218,89;1237,10;18,21;HAUSSE;968,00
DWK300;DeWALT DWK300 — DWK300;Combos;839,80;858,00;18,20;HAUSSE;660,00
DCM586N;DeWALT DCM586N — Machine nue, sans batterie ni chargeur;Tronçonnage et élagage;481,87;500,06;18,19;HAUSSE;369,32
DWK404PS;DeWALT DWK404PS — DWK404PS;Combos;1246,06;1264,24;18,18;HAUSSE;990,00
DWK202;DeWALT DWK202 — DWK202;Combos;590,96;609,14;18,18;HAUSSE;458,00
DWK203;DeWALT DWK203 — DWK203;Combos;590,96;609,14;18,18;HAUSSE;458,00
DCN910N;DeWALT DCN910N — Machine nue, sans batterie ni chargeur;Perçage, vissage et boulonnage;863,20;881,34;18,14;HAUSSE;679,00
DCN950N-XJ;DeWALT DCN950N-XJ — Machine nue, sans batterie ni chargeur;Perçage, vissage et boulonnage;585,16;602,99;17,83;HAUSSE;452,69
DCE080D1RS;DeWALT DCE080D1RS — 1 batterie de 2 Ah XR;Accessoires;1578,65;1596,41;17,76;HAUSSE;1259,99
DWK305PS;DeWALT DWK305PS — DWK305PS;Combos;1038,13;1055,81;17,68;HAUSSE;821,00
DWK600T;DeWALT DWK600T — DWK600T;Combos;1666,06;1683,72;17,66;HAUSSE;1331,00
P2LRT;DeWALT P2LRT — DCG 406 P2LRT;Meulage, découpe et polissage;490,56;508,19;17,63;HAUSSE;375,88
DWP849X;DeWALT DWP849X — DWP849X;Meulage, découpe et polissage;320,83;338,44;17,61;HAUSSE;237,83
DWK702T;DeWALT DWK702T — DWK702T;Combos;1936,90;1954,26;17,36;HAUSSE;1551,00
DWK800T;DeWALT DWK800T — DWK800T;Combos;1998,36;2015,66;17,30;HAUSSE;1601,00
DWK218;DeWALT DWK218 — DWK218;Combos;731,34;748,58;17,24;HAUSSE;571,00
AT-DXV20P;DeWALT AT-DXV20P — AT-DXV20P;Aspirateurs;154,50;171,71;17,21;HAUSSE;102,45
DWK703;DeWALT DWK703 — DWK703;Combos;2231,17;2248,24;17,07;HAUSSE;1790,00
DWK805T;DeWALT DWK805T — DWK805T;Combos;2243,75;2260,80;17,05;HAUSSE;1800,00
DCG414;DeWALT DCG414 — DCG414;Meulage, découpe et polissage;392,47;409,30;16,83;HAUSSE;295,52
DWK1102T;DeWALT DWK1102T — DWK1102T;Combos;2641,32;2658,00;16,68;HAUSSE;2123,00
DWK221;DeWALT DWK221 — DWK221;Combos;688,00;704,06;16,06;HAUSSE;535,00
DWK225;DeWALT DWK225 — DWK225;Combos;690,64;706,69;16,05;HAUSSE;537,00
DWK214;DeWALT DWK214 — DWK214;Combos;699,32;715,36;16,04;HAUSSE;544,00
DWK213;DeWALT DWK213 — DWK213;Combos;699,32;715,36;16,04;HAUSSE;544,00
DWK217;DeWALT DWK217 — DWK217;Combos;699,32;715,36;16,04;HAUSSE;544,00
DWK216;DeWALT DWK216 — DWK216;Combos;714,05;730,03;15,98;HAUSSE;556,00
DWK220;DeWALT DWK220 — DWK220;Combos;717,44;733,40;15,96;HAUSSE;559,00
DWK215;DeWALT DWK215 — DWK215;Combos;717,44;733,40;15,96;HAUSSE;559,00
DWE575K;DeWALT DWE575K — DWE575K;Scies;273,66;288,56;14,90;HAUSSE;197,38
DWK224;DeWALT DWK224 — DWK224;Combos;657,53;672,38;14,85;HAUSSE;509,00
D26204K;DeWALT D26204K — D26204K;Scies;437,77;452,33;14,56;HAUSSE;330,41
DCE0811;DeWALT DCE0811 — DCE0811;Accessoires;438,29;452,76;14,47;HAUSSE;330,72
DWK219;DeWALT DWK219 — DWK219;Combos;651,41;665,78;14,37;HAUSSE;504,00
DCMST901N-XJ;DeWALT DCMST901N-XJ — Machine nue, sans batterie ni chargeur;Tronçonnage et élagage;692,87;706,82;13,95;HAUSSE;537,10
DCE050N-XJ;DeWALT DCE050N-XJ — Machine nue, sans batterie ni chargeur;Accessoires;363,96;377,86;13,90;HAUSSE;269,90
DCF99MP2T;DeWALT DCF99MP2T — McLaren F1 Team DCF99MP2T 2x 5,0 Ah + Ladegerät;Perçage, vissage et boulonnage;581,15;594,84;13,69;HAUSSE;446,24
DW721KN;DeWALT DW721KN — DW721KN;Scies;4247,89;4261,56;13,67;HAUSSE;3425,69
DWK212;DeWALT DWK212 — DWK212;Combos;541,63;555,18;13,55;HAUSSE;414,00
DCS369N-XJ;DeWALT DCS369N-XJ — Scie sabre 18V DCS369N-XJ;Scies;186,41;199,44;13,03;HAUSSE;125,04
DCE825NG18-XJ;DeWALT DCE825NG18-XJ — 1 batterie de 3 Ah XR;Accessoires;432,06;444,78;12,72;HAUSSE;324,18
DCG409;DeWALT DCG409 — DEWALT-meuleuse d'angle DCG409, outil électrique sans fil sans balais 20V, machine de découpe, polisseuse portable recha;Meulage, découpe et polissage;153,11;165,78;12,67;HAUSSE;97,69
D25733K-QS;DeWALT D25733K-QS — D25733K-QS;Perforateurs;925,91;938,48;12,57;HAUSSE;725,26
DWK206;DeWALT DWK206 — DWK206;Combos;509,70;522,06;12,36;HAUSSE;387,00
DCMBBL800N;DeWALT DCMBBL800N — Machine nue, sans batterie ni chargeur;Aspirateurs;781,58;793,91;12,33;HAUSSE;607,89
DWK211;DeWALT DWK211 — DWK211;Combos;460,34;472,62;12,28;HAUSSE;347,00
D25335K-QS;DeWALT D25335K-QS — D25335K-QS;Perforateurs;758,14;770,11;11,97;HAUSSE;588,77
DW03101-XJ;DeWALT DW03101-XJ — Télémètre laser 100m Bluetooth DW03101-XJ;Accessoires;265,60;277,46;11,86;HAUSSE;188,37
DCS377NT-XJ;DeWALT DCS377NT-XJ — Machine nue, sans batterie ni chargeur, coffret TSTAK;Scies;384,71;396,26;11,55;HAUSSE;284,88
DPC17PS;DeWALT DPC17PS — DPC17PS;Accessoires;588,30;599,36;11,06;HAUSSE;449,97
DCS353B;DeWALT DCS353B — DCS353B Outil oscillant sans fil Lithium-Ion 12 V MAX (outil uniquement);Scies;191,66;202,38;10,72;HAUSSE;127,44
D24000;DeWALT D24000 — D24000;Accessoires;1295,64;1306,22;10,58;HAUSSE;1024,49
DCD710;DeWALT DCD710 — DCD710;Perçage, vissage et boulonnage;184,33;194,86;10,53;HAUSSE;121,33
DCMPS567N-XJ;DeWALT DCMPS567N-XJ — Elagueuse sur perche 18V DCMPS567N-XJ;Tronçonnage et élagage;279,02;289,46;10,44;HAUSSE;198,13
DCP580N;DeWALT DCP580N — Rabot sans fil 18V XR Brushless (machine seule);Rabots;253,13;263,51;10,38;HAUSSE;165,00
DXCMD155PE;DeWALT DXCMD155PE — DXCMD155PE;Accessoires;264,67;274,52;9,85;HAUSSE;185,99
DWD241-QS;DeWALT DWD241-QS — DWD241-QS;Perçage, vissage et boulonnage;311,33;321,08;9,75;HAUSSE;223,75
DCS378;DeWALT DCS378 — DCS378;Scies;486,58;495,90;9,32;HAUSSE;365,98
DW0811;DeWALT DW0811 — DW0811;Accessoires;357,24;366,11;8,87;HAUSSE;260,39
DCV501LN-XJ;DeWALT DCV501LN-XJ — Aspirateur à main 18V DCV501LN-XJ;Aspirateurs;197,58;205,96;8,38;HAUSSE;130,27
DCF840NT-XJ;DeWALT DCF840NT-XJ — Visseuse à chocs 18V DCF840NT-XJ;Perçage, vissage et boulonnage;180,66;188,69;8,03;HAUSSE;116,26
DCM563PB-XJ;DeWALT DCM563PB-XJ — Taille haie 18V 55 cm DCM563PB-XJ;Tronçonnage et élagage;223,36;231,31;7,95;HAUSSE;150,89
D25133K;DeWALT D25133K — D25133K;Perforateurs;194,47;201,95;7,48;HAUSSE;127,09
DCG418NT-XJ;DeWALT DCG418NT-XJ — Meuleuse Ø125 mm 54V DCG418NT-XJ;Meulage, découpe et polissage;285,77;292,87;7,10;HAUSSE;200,87
DWE492-QS;DeWALT DWE492-QS — DWE492-QS;Meulage, découpe et polissage;178,82;185,82;7,00;HAUSSE;113,93
AT-DXV15T;DeWALT AT-DXV15T — AT-DXV15T;Aspirateurs;184,42;191,30;6,88;HAUSSE;118,38
DWE396;DeWALT DWE396 — DWE396;Scies;475,36;481,55;6,19;HAUSSE;354,08
DCN692N;DeWALT DCN692N — Machine nue, sans batterie ni chargeur;Perçage, vissage et boulonnage;1076,33;1082,33;6,00;HAUSSE;842,28
DCF891NT-XJ;"DeWALT DCF891NT-XJ — Boulonneuse à chocs 1/2"" 18V XR Brushless (machine seule, coffret TSTAK)";Perçage, vissage et boulonnage;310,75;316,00;5,25;HAUSSE;219,75
DCF601N;DeWALT DCF601N — Machine nue, sans batterie ni chargeur;Accessoires;175,27;179,94;4,67;HAUSSE;109,12
DWS727;DeWALT DWS727 — DWS727;Scies;925,27;929,41;4,14;HAUSSE;718,25
DCH481N;DeWALT DCH481N — FlexVolt DCH 481 N;Perforateurs;598,06;602,17;4,11;HAUSSE;452,08
D26441;DeWALT D26441 — D26441;Scies;178,30;182,21;3,91;HAUSSE;110,97
DCE0822D1R;DeWALT DCE0822D1R — 1 batterie de 2 Ah XR;Accessoires;384,16;387,92;3,76;HAUSSE;278,08
DWMT73801-1;"DeWALT DWMT73801-1 — DWMT73801-1 Ensemble d'outils de mécanicien 108 pièces métriques impériales 1/4"" 3/8""";Combos;214,54;218,24;3,70;HAUSSE;140,26
DCS386NT-XJ;DeWALT DCS386NT-XJ — Scie sabre 18V DCS386NT-XJ;Scies;352,19;355,82;3,63;HAUSSE;252,00
DWV010;DeWALT DWV010 — DWV010 HEPA Dust Extractor with Automatic Filter Cleaning, 8-Gallon by;Aspirateurs;636,58;640,10;3,52;HAUSSE;483,10
DCM561;DeWALT DCM561 — DCM561;Tronçonnage et élagage;262,81;266,29;3,48;HAUSSE;179,32
DCS491;DeWALT DCS491 — DCS491;Meulage, découpe et polissage;346,21;349,48;3,27;HAUSSE;246,98
DCMCS565N-XJ;DeWALT DCMCS565N-XJ — Tronçonneuse 18V 30cm DCMCS565N-XJ;Tronçonnage et élagage;270,31;273,55;3,24;HAUSSE;185,21
DWH161D1-QW;DeWALT DWH161D1-QW — DWH161D1-QW;Quincaillerie;217,38;220,30;2,92;HAUSSE;159,98
DW275KN;DeWALT DW275KN — DW275KN;Perçage, vissage et boulonnage;238,57;241,46;2,89;HAUSSE;159,17
D26500K;DeWALT D26500K — D26500K;Scies;352,93;355,82;2,89;HAUSSE;252,00
DW294;DeWALT DW294 — DW294;Perçage, vissage et boulonnage;384,36;387,01;2,65;HAUSSE;277,43
DWT2151643;DeWALT DWT2151643 — Telecoms Powerbank 2 ports 10000mAh (DWT2151643);Batteries et chargeurs;164,74;167,03;2,29;HAUSSE;98,66
DW333K;DeWALT DW333K — DW333K;Scies;471,82;474,10;2,28;HAUSSE;348,09
DCS389NT-XJ;DeWALT DCS389NT-XJ — Machine nue, sans batterie ni chargeur, coffret TSTAK;Scies;374,46;376,39;1,93;HAUSSE;268,66
DCDW108;DeWALT DCDW108 — DCDW108;Perçage, vissage et boulonnage;350,21;351,90;1,69;HAUSSE;248,87
DWAMF1280;DeWALT DWAMF1280 — Drill Bit Set / Screwdriver Set, 80-Piece (DWAMF1280);Perçage, vissage et boulonnage;147,41;148,92;1,51;HAUSSE;83,99
DCS579NT-XJ;DeWALT DCS579NT-XJ — Scie circulaire 54V Ø190 mm DCS579NT-XJ;Scies;386,90;388,39;1,49;HAUSSE;278,42
DXCMS2550HE;DeWALT DXCMS2550HE — DXCMS2550HE;Accessoires;382,76;384,16;1,40;HAUSSE;274,99
DCK229P2T;DeWALT DCK229P2T — DeWalt - Kit 2 Outils Perceuse Visseuse et Perforateur SDS-Plus 18V 5AH - DCK229P2T G;Combos;834,06;835,42;1,36;HAUSSE;641,64
DXCMS2524HE;DeWALT DXCMS2524HE — DXCMS2524HE;Accessoires;296,59;297,85;1,26;HAUSSE;204,99
DCH273N-XJ;DeWALT DCH273N-XJ — Perforateur burineur SDS-Plus 18V XR Brushless (machine seule);Perforateurs;162,16;163,37;1,21;HAUSSE;83,69
DWMT45424;DeWALT DWMT45424 — DWMT45424 Ensemble d'outils de mécanicien, 84 pièces SAE/métriques avec cliquet à profil bas 72 dents, entraîneme;Combos;200,32;201,50;1,18;HAUSSE;126,73
DCMCS574N-XJ;DeWALT DCMCS574N-XJ — Machine nue, sans batterie ni chargeur;Tronçonnage et élagage;393,12;394,28;1,16;HAUSSE;283,25
DCG421N-XJ;DeWALT DCG421N-XJ — Machine nue, sans batterie ni chargeur;Meulage, découpe et polissage;339,86;340,97;1,11;HAUSSE;239,95
DCD740;DeWALT DCD740 — DCD740;Perçage, vissage et boulonnage;222,44;223,32;0,88;HAUSSE;144,36
DWD112S;DeWALT DWD112S — DWD112S;Perçage, vissage et boulonnage;166,07;166,74;0,67;HAUSSE;98,43
DWMT73801;"DeWALT DWMT73801 — Ensemble d'outils DeWalt DWMT73801; 108 unités";Combos;218,33;218,87;0,54;HAUSSE;140,75
AT-DXV30SAPTA;DeWALT AT-DXV30SAPTA — AT-DXV30SAPTA;Aspirateurs;239,75;240,16;0,41;HAUSSE;158,10
DWV901L;DeWALT DWV901L — DWV901L;Aspirateurs;468,88;469,25;0,37;HAUSSE;344,28
DWST1-81078;DeWALT DWST1-81078 — Radio de chantier Bluetooth 18V DWST1-81078;Accessoires;330,78;331,12;0,34;HAUSSE;232,04
AT-DXV20PC;DeWALT AT-DXV20PC — AT-DXV20PC;Aspirateurs;161,93;162,25;0,32;HAUSSE;94,83
DW739;DeWALT DW739 — DW739;Scies;1320,20;1320,47;0,27;HAUSSE;1035,66
AT-DXV34PTA;DeWALT AT-DXV34PTA — AT-DXV34PTA;Aspirateurs;314,46;314,70;0,24;HAUSSE;218,69
DCPW550B;DeWALT DCPW550B — DCPW550B Power Cleaner Jaune/Noir;Accessoires;324,94;325,15;0,21;HAUSSE;227,06
DCS374N;DeWALT DCS374N — Machine nue, sans batterie ni chargeur;Scies;636,48;636,65;0,17;HAUSSE;480,13
DT70523TM-QZ;DeWALT DT70523TM-QZ — DT70523TM-QZ DT70523TM-QZ-Expositor Merchandiser DT70523T x 12;Combos;352,18;352,31;0,13;HAUSSE;249,16
DCMBC723N-XJ;DeWALT DCMBC723N-XJ — Débroussailleuse forestière Dewalt DCMBC723N-XJ XR FLEXVOLT 54V Brushless - sans batterie ni chargeur;Tronçonnage et élagage;783,53;783,66;0,13;HAUSSE;599,59
DCF512N;"DeWALT DCF512N — Clé à cliquet 18V XR 1/2"" Brushless (produit seul)";Perçage, vissage et boulonnage;239,09;239,20;0,11;HAUSSE;157,26
DCH911NK-XJ;DeWALT DCH911NK-XJ — Machine nue, sans batterie ni chargeur;Perforateurs;1251,04;1251,12;0,08;HAUSSE;978,97
DCD799N-XJ;DeWALT DCD799N-XJ — Perceuse-visseuse à percussion 18V DCD799N-XJ;Perçage, vissage et boulonnage;196,87;196,94;0,07;HAUSSE;122,94
D21570K;DeWALT D21570K — D21570K;Perçage, vissage et boulonnage;481,34;481,40;0,06;HAUSSE;353,97
DCF913B;DeWALT DCF913B — DCF913B 20V MAX 3/8 in. Cordless Impact Wrench with Hog Ring Anvil (Tool Only);Perçage, vissage et boulonnage;348,24;348,28;0,04;HAUSSE;245,96
DWHT0-43172;DeWALT DWHT0-43172 — DWHT0-43172;Accessoires;157,57;157,60;0,03;HAUSSE;90,99
