Référence;Titre du produit;Coût idealo le moins cher (€);Mon prix AUJOURD HUI (€);Prix APRES le traqueur (€);Différence (€);Ce qui va se passer
DE7033-XJ;DeWALT DE7033-XJ — Piètement DE7033-XJ;140,54;254,68;218,54;-36,14;le prix BAISSE — il etait trop haut
DCS367NT-XJ;DeWALT DCS367NT-XJ — Scie sabre XR 18V DCS367NT-XJ;194,04;299,47;284,46;-15,01;le prix BAISSE — il etait trop haut
DCD794NT-XJ;DeWALT DCD794NT-XJ — Perceuse-visseuse 18V DCD794NT-XJ;108,18;193,72;178,72;-15,00;le prix BAISSE — il etait trop haut
DCS369NT-XJ;DeWALT DCS369NT-XJ — Scie sabre 18V DCS369NT-XJ;114,43;201,41;186,41;-15,00;le prix BAISSE — il etait trop haut
DCD800NT-XJ;DeWALT DCD800NT-XJ — Perceuse-visseuse 18V DCD800NT-XJ;112,02;198,49;183,49;-15,00;le prix BAISSE — il etait trop haut
DCD805NT-XJ;DeWALT DCD805NT-XJ — Perceuse-visseuse à percussion 18V DCD805NT-XJ;119,66;207,89;192,89;-15,00;le prix BAISSE — il etait trop haut
DCD799NT-XJ;DeWALT DCD799NT-XJ — Perceuse-visseuse à percussion 18V DCD799NT-XJ;122,97;211,87;196,87;-15,00;le prix BAISSE — il etait trop haut
DCF887NT-XJ;DeWALT DCF887NT-XJ — Visseuse à chocs 18V DCF887NT-XJ;87,59;168,37;153,37;-15,00;le prix BAISSE — il etait trop haut
DCD796NT-XJ;DeWALT DCD796NT-XJ — Perceuse visseuse à percussion 18V DCD796NT-XJ;94,18;176,52;161,52;-15,00;le prix BAISSE — il etait trop haut
DCD996NT-XJ;DeWALT DCD996NT-XJ — Perceuse-visseuse à percussions 18V DCD996NT-XJ;153,98;245,06;235,13;-9,93;le prix BAISSE — il etait trop haut
DCD791NT-XJ;DeWALT DCD791NT-XJ — Perceuse-visseuse 18V DCD791NT-XJ;109,32;180,42;180,16;-0,26;deja aligne, ne bouge pas
DWHT83550;DeWALT DWHT83550 — DWHT83550;150,56;208,74;208,68;-0,06;deja aligne, ne bouge pas
DWE4156KD;DeWALT DWE4156KD — DWE4156KD;109,99;180,94;180,94;0,00;deja aligne, ne bouge pas
DCB546-XJ;DeWALT DCB546-XJ — Batterie XR 18V-54V 6Ah-2Ah Flexvolt DCB546-XJ;109,74;180,64;180,64;0,00;deja aligne, ne bouge pas
DT6928-QZ;DeWALT DT6928-QZ — DT6928-QZ;109,28;157,91;157,91;0,00;deja aligne, ne bouge pas
DW099S-XJ;DeWALT DW099S-XJ — DW099S-XJ;109,10;179,90;179,90;0,00;deja aligne, ne bouge pas
DWE492-QS;DeWALT DWE492-QS — DWE492-QS;108,25;178,82;178,82;0,00;deja aligne, ne bouge pas
DWHT77200;DeWALT DWHT77200 — DWHT77200;108,07;178,64;178,64;0,00;deja aligne, ne bouge pas
DW088CG-XJ;DeWALT DW088CG-XJ — Niveau laser croix DW088CG-XJ;108,00;178,52;178,52;0,00;deja aligne, ne bouge pas
D26441;DeWALT D26441 — D26441;107,80;178,30;178,30;0,00;deja aligne, ne bouge pas
DE0737;DeWALT DE0737 — DE0737;107,75;156,02;156,02;0,00;deja aligne, ne bouge pas
DT2977;DeWALT DT2977 — DT2977;107,50;155,77;155,77;0,00;deja aligne, ne bouge pas
D25033K-QS;DeWALT D25033K-QS — Perforateur burineur SDS-Plus 710W (coffret);107,18;200,96;200,96;0,00;deja aligne, ne bouge pas
DGL573;DeWALT DGL573 — DGL573;115,24;165,25;165,25;0,00;deja aligne, ne bouge pas
DXV20P;DeWALT DXV20P — DXV20P;115,19;187,42;187,42;0,00;deja aligne, ne bouge pas
DW274;DeWALT DW274 — DW274;115,14;187,33;187,33;0,00;deja aligne, ne bouge pas
DCF880N;DeWALT DCF880N — DCF880N;114,98;187,07;187,07;0,00;deja aligne, ne bouge pas
DWE490;DeWALT DWE490 — DWE490;114,87;187,01;187,01;0,00;deja aligne, ne bouge pas
DWE4227;DeWALT DWE4227 — DWE4227;114,82;186,92;186,92;0,00;deja aligne, ne bouge pas
DCS369N-XJ;DeWALT DCS369N-XJ — Scie sabre 18V DCS369N-XJ;114,43;186,41;186,41;0,00;deja aligne, ne bouge pas
DT90353;DeWALT DT90353 — DT90353;113,98;185,90;185,90;0,00;deja aligne, ne bouge pas
DCE512N-XJ;DeWALT DCE512N-XJ — Ventilateur de chantier DCE512N-XJ;112,98;184,61;184,61;0,00;deja aligne, ne bouge pas
DCF809NT;DeWALT DCF809NT — DCF809NT;94,31;161,65;161,65;0,00;deja aligne, ne bouge pas
AT-DXV15T;DeWALT AT-DXV15T — AT-DXV15T;112,79;184,42;184,42;0,00;deja aligne, ne bouge pas
DCD710;DeWALT DCD710 — DCD710;112,74;184,33;184,33;0,00;deja aligne, ne bouge pas
DCD800N-XJ;DeWALT DCD800N-XJ — Perceuse-visseuse 18V DCD800N-XJ;112,02;183,49;183,49;0,00;deja aligne, ne bouge pas
DZN930;DeWALT DZN930 — DZN930;111,99;183,44;183,44;0,00;deja aligne, ne bouge pas
DT1474-QZ;DeWALT DT1474-QZ — DT1474-QZ;111,98;161,26;161,26;0,00;deja aligne, ne bouge pas
DWST83295-1;DeWALT DWST83295-1 — DWST83295-1;111,98;161,26;161,26;0,00;deja aligne, ne bouge pas
DPSSX38-XJ;DeWALT DPSSX38-XJ — DPSSX38-XJ;111,40;182,70;182,70;0,00;deja aligne, ne bouge pas
DCE555N-XJ;DeWALT DCE555N-XJ — Fraiseuse pour placo 18V DCE555N-XJ;111,33;182,58;182,58;0,00;deja aligne, ne bouge pas
DCD805N-XJ;DeWALT DCD805N-XJ — Perceuse-visseuse à percussion 18V DCD805N-XJ;119,66;192,89;192,89;0,00;deja aligne, ne bouge pas
DT4612-QZ;DeWALT DT4612-QZ — DT4612-QZ;118,87;169,75;169,75;0,00;deja aligne, ne bouge pas
DCMPP568N-XJ;DeWALT DCMPP568N-XJ — Sécateur 18V DCMPP568N-XJ;118,14;191,03;191,03;0,00;deja aligne, ne bouge pas
DT90017-QZ;DeWALT DT90017-QZ — DT90017-QZ;117,26;167,80;167,80;0,00;deja aligne, ne bouge pas
DT1916-QZ;DeWALT DT1916-QZ — DT1916-QZ;116,99;167,41;167,41;0,00;deja aligne, ne bouge pas
DWST17871;DeWALT DWST17871 — DWST17871;116,74;167,17;167,17;0,00;deja aligne, ne bouge pas
DNBDA1550SZ;DeWALT DNBDA1550SZ — DNBDA1550SZ;115,94;166,14;166,14;0,00;deja aligne, ne bouge pas
DWHT56032-0;DeWALT DWHT56032-0 — DWHT56032-0;115,64;165,71;165,71;0,00;deja aligne, ne bouge pas
DWE4237-QS;DeWALT DWE4237-QS — DWE4237-QS;91,22;157,81;157,81;0,00;deja aligne, ne bouge pas
DT2966;DeWALT DT2966 — DT2966;124,28;176,35;176,35;0,00;deja aligne, ne bouge pas
DCMBL562N-XJ;DeWALT DCMBL562N-XJ — Souffleur 18V DCMBL562N-XJ;124,19;198,46;198,46;0,00;deja aligne, ne bouge pas
DWE315-QS;DeWALT DWE315-QS — DWE315-QS;123,55;197,68;197,68;0,00;deja aligne, ne bouge pas
DCV501LN-XJ;DeWALT DCV501LN-XJ — Aspirateur à main 18V DCV501LN-XJ;123,49;197,58;197,58;0,00;deja aligne, ne bouge pas
DNP612;DeWALT DNP612 — DNP612;123,24;197,30;197,30;0,00;deja aligne, ne bouge pas
DCD799N-XJ;DeWALT DCD799N-XJ — Perceuse-visseuse à percussion 18V DCD799N-XJ;122,97;196,87;196,87;0,00;deja aligne, ne bouge pas
DT60847-QZ;DeWALT DT60847-QZ — DT60847-QZ;122,46;174,14;174,14;0,00;deja aligne, ne bouge pas
AT-DXV20PTA;DeWALT AT-DXV20PTA — AT-DXV20PTA;122,25;196,09;196,09;0,00;deja aligne, ne bouge pas
DWST83411-1;DeWALT DWST83411-1 — DWST83411-1;121,73;173,22;173,22;0,00;deja aligne, ne bouge pas
DCF922N-XJ;"DeWALT DCF922N-XJ — Boulonneuse à chocs compacte 1/2"" 18V XR 406 Nm (machine seule)";121,38;194,94;194,94;0,00;deja aligne, ne bouge pas
DPS8016;DeWALT DPS8016 — DPS8016;121,00;194,57;194,57;0,00;deja aligne, ne bouge pas
D25133K;DeWALT D25133K — D25133K;120,94;194,47;194,47;0,00;deja aligne, ne bouge pas
DCBP034;DeWALT DCBP034 — DCBP034;88,44;154,42;154,42;0,00;deja aligne, ne bouge pas
DCMPS520N-XJ;DeWALT DCMPS520N-XJ — Tronçonneuse d'élagage 18V XR guide 20 cm (solo);131,36;222,00;222,00;0,00;deja aligne, ne bouge pas
DCN9301;DeWALT DCN9301 — DCN9301;131,32;207,23;207,23;0,00;deja aligne, ne bouge pas
DCF921N-XJ;DeWALT DCF921N-XJ — DCF921N-XJ;131,15;206,95;206,95;0,00;deja aligne, ne bouge pas
D25304DH;DeWALT D25304DH — D25304DH;130,74;206,44;206,44;0,00;deja aligne, ne bouge pas
DW03050;DeWALT DW03050 — DW03050;129,99;205,51;205,51;0,00;deja aligne, ne bouge pas
DWE560-QS;DeWALT DWE560-QS — Scie circulaire 1350W Ø184 mm DWE560-QS;128,90;204,18;204,18;0,00;deja aligne, ne bouge pas
DCS312N-XJ;DeWALT DCS312N-XJ — DCS312N-XJ;128,15;203,38;203,38;0,00;deja aligne, ne bouge pas
DWE550;DeWALT DWE550 — DWE550;127,93;203,03;203,03;0,00;deja aligne, ne bouge pas
DCC018N;DeWALT DCC018N — DCC018N;127,90;202,98;202,98;0,00;deja aligne, ne bouge pas
DPN1850PP-XJ;DeWALT DPN1850PP-XJ — DPN1850PP-XJ;127,03;201,97;201,97;0,00;deja aligne, ne bouge pas
DT8351-QZ;DeWALT DT8351-QZ — DT8351-QZ;126,66;179,35;179,35;0,00;deja aligne, ne bouge pas
DT40257-QZ;DeWALT DT40257-QZ — DT40257-QZ;124,75;177,02;177,02;0,00;deja aligne, ne bouge pas
DWE4257KT-QS;DeWALT DWE4257KT-QS — Meuleuse Ø125 mm 1500 W DWE4257KT-QS;125,99;200,70;200,70;0,00;deja aligne, ne bouge pas
DCF620NT-XJ;DeWALT DCF620NT-XJ — Visseuse à placo 18V XR (solo, coffret TSTAK);125,12;199,57;199,57;0,00;deja aligne, ne bouge pas
DWE4277;DeWALT DWE4277 — DWE4277;138,49;216,05;216,05;0,00;deja aligne, ne bouge pas
DCMHT562N-XJ;DeWALT DCMHT562N-XJ — Taille haie 18V 55cm DCMHT562N-XJ;137,90;215,26;215,26;0,00;deja aligne, ne bouge pas
DCR020;DeWALT DCR020 — DCR020;137,15;192,29;192,29;0,00;deja aligne, ne bouge pas
DCW200;DeWALT DCW200 — DCW200;136,80;213,96;213,96;0,00;deja aligne, ne bouge pas
DCH172N-XJ;DeWALT DCH172N-XJ — Perforateur SDS Plus 18V DCH172N-XJ;134,78;211,46;211,46;0,00;deja aligne, ne bouge pas
DT70777-QZ;DeWALT DT70777-QZ — DT70777-QZ;134,48;188,94;188,94;0,00;deja aligne, ne bouge pas
DCS512N;DeWALT DCS512N — DCS512N;134,34;210,91;210,91;0,00;deja aligne, ne bouge pas
DWST60107-1;DeWALT DWST60107-1 — DWST60107-1;132,74;186,77;186,77;0,00;deja aligne, ne bouge pas
DCG412N-XJ;DeWALT DCG412N-XJ — DCG412N-XJ;131,74;207,76;207,76;0,00;deja aligne, ne bouge pas
DWE4238;DeWALT DWE4238 — DWE4238;131,36;207,29;207,29;0,00;deja aligne, ne bouge pas
DCM563PB-XJ;DeWALT DCM563PB-XJ — Taille haie 18V 55 cm DCM563PB-XJ;144,47;223,36;223,36;0,00;deja aligne, ne bouge pas
AT-DXV23P-QT;DeWALT AT-DXV23P-QT — AT-DXV23P-QT;144,10;222,92;222,92;0,00;deja aligne, ne bouge pas
DCD740;DeWALT DCD740 — DCD740;143,70;222,44;222,44;0,00;deja aligne, ne bouge pas
DCB1880-XJ;DeWALT DCB1880-XJ — DCB1880-XJ;142,45;220,94;220,94;0,00;deja aligne, ne bouge pas
DWH205DH-XJ;DeWALT DWH205DH-XJ — DWH205DH-XJ;141,90;220,22;220,22;0,00;deja aligne, ne bouge pas
DCD716D2;DeWALT DCD716D2 — DCD716D2;141,24;219,49;219,49;0,00;deja aligne, ne bouge pas
DPN2330-XJ;DeWALT DPN2330-XJ — DPN2330-XJ;140,96;219,05;219,05;0,00;deja aligne, ne bouge pas
DWST1-72339;DeWALT DWST1-72339 — DWST1-72339;140,68;196,52;196,52;0,00;deja aligne, ne bouge pas
DCG426N-XJ;DeWALT DCG426N-XJ — Meuleuse droite XR 18V DCG426N-XJ;140,14;218,05;218,05;0,00;deja aligne, ne bouge pas
DT1921-QZ;DeWALT DT1921-QZ — DT1921-QZ;139,99;195,71;195,71;0,00;deja aligne, ne bouge pas
355/25;DeWALT 355/25 — 355/25;139,85;195,52;195,52;0,00;deja aligne, ne bouge pas
DCD771D2-QW;DeWALT DCD771D2-QW — DCD771D2-QW;139,75;217,60;217,60;0,00;deja aligne, ne bouge pas
DWST540601;DeWALT DWST540601 — DWST540601;139,68;195,41;195,41;0,00;deja aligne, ne bouge pas
DCG406N-XJ;DeWALT DCG406N-XJ — Meuleuse Ø125 mm DCG406N-XJ;139,50;217,34;217,34;0,00;deja aligne, ne bouge pas
DCS356NT-XJ;DeWALT DCS356NT-XJ — Outil multifonction 18V DCS356NT-XJ;140,83;218,84;218,84;0,00;deja aligne, ne bouge pas
DCL045-XJ;DeWALT DCL045-XJ — DCL045-XJ;151,68;232,22;232,22;0,00;deja aligne, ne bouge pas
DCD701D2;DeWALT DCD701D2 — DCD701D2;151,12;231,52;231,52;0,00;deja aligne, ne bouge pas
DCD996N;DeWALT DCD996N — Perceuse à percussion 18V XR Brushless (machine seule);149,88;230,06;230,06;0,00;deja aligne, ne bouge pas
DCS331N-XJ;DeWALT DCS331N-XJ — Scie sauteuse DCS331N-XJ;148,80;228,71;228,71;0,00;deja aligne, ne bouge pas
DCMHT564N-XJ;DeWALT DCMHT564N-XJ — Taille haie 18V 55cm DCMHT564N-XJ;148,20;227,93;227,93;0,00;deja aligne, ne bouge pas
DW0822-XJ;DeWALT DW0822-XJ — DW0822-XJ;147,89;227,60;227,60;0,00;deja aligne, ne bouge pas
DCMST561N-XJ;DeWALT DCMST561N-XJ — DCMST561N-XJ;146,84;226,28;226,28;0,00;deja aligne, ne bouge pas
DT1475-QZ;DeWALT DT1475-QZ — DT1475-QZ;146,82;204,08;204,08;0,00;deja aligne, ne bouge pas
DCD703NT;DeWALT DCD703NT — DCD703NT;146,79;226,20;226,20;0,00;deja aligne, ne bouge pas
DCD708NT;DeWALT DCD708NT — DCD708NT;95,36;162,97;162,97;0,00;deja aligne, ne bouge pas
DCMHT563N-XJ;DeWALT DCMHT563N-XJ — Taille haie 18V 55 cm DCMHT563N-XJ;145,90;225,12;225,12;0,00;deja aligne, ne bouge pas
DWE305PK-QS;DeWALT DWE305PK-QS — Scie sabre 1100 W DWE305PK-QS;144,91;223,88;223,88;0,00;deja aligne, ne bouge pas
DCH133N;DeWALT DCH133N — DCH133N;144,90;223,87;223,87;0,00;deja aligne, ne bouge pas
DXV15A;DeWALT DXV15A — DXV15A;85,05;150,29;150,29;0,00;deja aligne, ne bouge pas
DCF870N-XJ;DeWALT DCF870N-XJ — Visseuse à chocs hydraulique 18V XR (machine seule);157,87;239,96;239,96;0,00;deja aligne, ne bouge pas
AT-DXV30SAPTA;DeWALT AT-DXV30SAPTA — AT-DXV30SAPTA;157,73;239,75;239,75;0,00;deja aligne, ne bouge pas
DWMT73802-1;DeWALT DWMT73802-1 — DWMT73802-1;157,36;217,15;217,15;0,00;deja aligne, ne bouge pas
DCF512N;"DeWALT DCF512N — Clé à cliquet 18V XR 1/2"" Brushless (produit seul)";157,19;239,09;239,09;0,00;deja aligne, ne bouge pas
DW275KN;DeWALT DW275KN — DW275KN;156,75;238,57;238,57;0,00;deja aligne, ne bouge pas
DCP580N;DeWALT DCP580N — Rabot sans fil 18V XR Brushless (machine seule);156,64;253,13;253,13;0,00;deja aligne, ne bouge pas
DXV30SAPTA;DeWALT DXV30SAPTA — DXV30SAPTA;156,17;237,85;237,85;0,00;deja aligne, ne bouge pas
DCF923N;DeWALT DCF923N — DCF923N;155,10;236,53;236,53;0,00;deja aligne, ne bouge pas
DCS438N-XJ;DeWALT DCS438N-XJ — Meuleuse Ø76 mm XR 18V DCS438N-XJ;154,96;236,32;236,32;0,00;deja aligne, ne bouge pas
DT9446-QZ;DeWALT DT9446-QZ — DT9446-QZ;152,99;211,74;211,74;0,00;deja aligne, ne bouge pas
DWE494-QS;DeWALT DWE494-QS — DWE494-QS;152,39;233,16;233,16;0,00;deja aligne, ne bouge pas
DCDW103-XJ;DeWALT DCDW103-XJ — DCDW103-XJ DCDW103-XJ Couronne de perçage à eau diamantée 82 mm 1 pc(s);152,23;232,91;232,91;0,00;deja aligne, ne bouge pas
DT1922-QZ;DeWALT DT1922-QZ — DT1922-QZ;151,98;210,49;210,49;0,00;deja aligne, ne bouge pas
DCH072N;DeWALT DCH072N — DCH072N;151,90;232,56;232,56;0,00;deja aligne, ne bouge pas
DWH161D1-QW;DeWALT DWH161D1-QW — DWH161D1-QW;157,52;217,38;217,38;0,00;deja aligne, ne bouge pas
DCG408NT-XJ;DeWALT DCG408NT-XJ — Meuleuse Ø125 mm 18V DCG408NT-XJ;157,51;239,41;239,41;0,00;deja aligne, ne bouge pas
DCF899NT-XJ;"DeWALT DCF899NT-XJ — Boulonneuse à chocs 18V 1/2"" DCF899NT-XJ";155,30;236,68;236,68;0,00;deja aligne, ne bouge pas
DCB547-XJ;DeWALT DCB547-XJ — Batterie 18V-54V 9Ah-3Ah XR Flexvolt DCB547-XJ;163,70;247,02;247,02;0,00;deja aligne, ne bouge pas
D25303DH-XJ;DeWALT D25303DH-XJ — D25303DH-XJ;163,60;246,88;246,88;0,00;deja aligne, ne bouge pas
DCG407NT-XJ;DeWALT DCG407NT-XJ — DCG407NT-XJ;163,14;246,34;246,34;0,00;deja aligne, ne bouge pas
DCW600N-XJ;DeWALT DCW600N-XJ — Affleureuse XR 18V DCW600N-XJ;162,58;245,66;245,66;0,00;deja aligne, ne bouge pas
DWE496;DeWALT DWE496 — DWE496;162,00;244,94;244,94;0,00;deja aligne, ne bouge pas
DXV234P;DeWALT DXV234P — DXV234P;161,99;244,93;244,93;0,00;deja aligne, ne bouge pas
DWST83517-1;DeWALT DWST83517-1 — DWST83517-1;161,34;222,00;222,00;0,00;deja aligne, ne bouge pas
DCF622;DeWALT DCF622 — DCF622;160,87;243,55;243,55;0,00;deja aligne, ne bouge pas
DCB104-QW;DeWALT DCB104-QW — DCB104-QW;160,65;243,38;243,38;0,00;deja aligne, ne bouge pas
EUDXV34P;DeWALT EUDXV34P — EUDXV34P;159,00;241,37;241,37;0,00;deja aligne, ne bouge pas
DCS571N;DeWALT DCS571N — DCS571N;159,00;241,37;241,37;0,00;deja aligne, ne bouge pas
DCD706D2;DeWALT DCD706D2 — DCD706D2;158,03;240,05;240,05;0,00;deja aligne, ne bouge pas
UC4200;DeWALT UC4200 — UC4200;85,05;128,09;128,09;0,00;deja aligne, ne bouge pas
DT4281-QZ;DeWALT DT4281-QZ — DT4281-QZ;85,04;128,08;128,08;0,00;deja aligne, ne bouge pas
DWST83522-9;DeWALT DWST83522-9 — DWST83522-9;84,98;127,98;127,98;0,00;deja aligne, ne bouge pas
DCB124G;DeWALT DCB124G — DCB124G;83,62;148,51;148,51;0,00;deja aligne, ne bouge pas
305X30;DeWALT 305X30 — 305X30;83,53;126,22;126,22;0,00;deja aligne, ne bouge pas
DCB090-XJ;DeWALT DCB090-XJ — DCB090-XJ;83,29;148,09;148,09;0,00;deja aligne, ne bouge pas
DCD709NT-XJ;DeWALT DCD709NT-XJ — Perceuse visseuse à percussion 18V DCD709NT-XJ;83,25;148,02;148,02;0,00;deja aligne, ne bouge pas
DCD777NT;DeWALT DCD777NT — Perceuse-visseuse 18V DCD777NT;84,90;150,11;150,11;0,00;deja aligne, ne bouge pas
DCF815N;DeWALT DCF815N — DCF815N;170,95;256,08;256,08;0,00;deja aligne, ne bouge pas
DCF500N-XJ;DeWALT DCF500N-XJ — DCF500N-XJ;170,70;255,71;255,71;0,00;deja aligne, ne bouge pas
DCF503N-XJ;DeWALT DCF503N-XJ — DCF503N-XJ;170,08;254,95;254,95;0,00;deja aligne, ne bouge pas
DT3896;DeWALT DT3896 — DT3896;168,74;231,17;231,17;0,00;deja aligne, ne bouge pas
DW341K;DeWALT DW341K — DW341K;168,49;252,90;252,90;0,00;deja aligne, ne bouge pas
DCF504;DeWALT DCF504 — DCF504;168,49;252,90;252,90;0,00;deja aligne, ne bouge pas
DCD991;DeWALT DCD991 — DCD991;168,08;252,46;252,46;0,00;deja aligne, ne bouge pas
DT8354-QZ;DeWALT DT8354-QZ — DT8354-QZ;167,83;229,93;229,93;0,00;deja aligne, ne bouge pas
DCS380;DeWALT DCS380 — DCS380;167,00;251,17;251,17;0,00;deja aligne, ne bouge pas
DT9814-QZ;DeWALT DT9814-QZ — DT9814-QZ;166,74;228,60;228,60;0,00;deja aligne, ne bouge pas
DCDW104;DeWALT DCDW104 — DCDW104;166,44;250,49;250,49;0,00;deja aligne, ne bouge pas
DPN1664PP-XJ;DeWALT DPN1664PP-XJ — DPN1664PP-XJ;166,20;250,13;250,13;0,00;deja aligne, ne bouge pas
DCF601N;DeWALT DCF601N — DCF601N;105,33;175,27;175,27;0,00;deja aligne, ne bouge pas
DCMHT520N-XJ;DeWALT DCMHT520N-XJ — DCMHT520N-XJ;104,90;174,66;174,66;0,00;deja aligne, ne bouge pas
DW03101-XJ;DeWALT DW03101-XJ — Télémètre laser 100m Bluetooth DW03101-XJ;178,73;265,60;265,60;0,00;deja aligne, ne bouge pas
DCF801N-XJ;DeWALT DCF801N-XJ — DCF801N-XJ;96,30;164,10;164,10;0,00;deja aligne, ne bouge pas
DXCMD155PE;DeWALT DXCMD155PE — DXCMD155PE;177,99;264,67;264,67;0,00;deja aligne, ne bouge pas
DCS382N;DeWALT DCS382N — DCS382N;177,04;263,44;263,44;0,00;deja aligne, ne bouge pas
DCM561;DeWALT DCM561 — DCM561;176,50;262,81;262,81;0,00;deja aligne, ne bouge pas
DCF513N-XJ;DeWALT DCF513N-XJ — DCF513N-XJ;174,65;260,58;260,58;0,00;deja aligne, ne bouge pas
TD.POWERSET5007;DeWALT TD.POWERSET5007 — TD.POWERSET5007;174,00;259,79;259,79;0,00;deja aligne, ne bouge pas
DCL077;DeWALT DCL077 — Projecteur de chantier DCL077;99,00;167,41;167,41;0,00;deja aligne, ne bouge pas
DCH033N-XJ;DeWALT DCH033N-XJ — DCH033N-XJ;172,80;258,34;258,34;0,00;deja aligne, ne bouge pas
DCE530N-XJ;DeWALT DCE530N-XJ — Décapeur Thermique 18V DCE530N-XJ;89,81;156,08;156,08;0,00;deja aligne, ne bouge pas
DCV584L;DeWALT DCV584L — Aspirateur eau et poussière 18/54V FLEXVOLT ou secteur (classe L);183,19;331,57;331,57;0,00;deja aligne, ne bouge pas
DCMCS565N-XJ;DeWALT DCMCS565N-XJ — Tronçonneuse 18V 30cm DCMCS565N-XJ;182,52;270,31;270,31;0,00;deja aligne, ne bouge pas
DCS367N-XJ;DeWALT DCS367N-XJ — Scie sabre compacte 18V XR Brushless (machine seule);182,12;284,47;284,47;0,00;deja aligne, ne bouge pas
DW264K;DeWALT DW264K — DW264K;181,92;269,42;269,42;0,00;deja aligne, ne bouge pas
DWE4557;DeWALT DWE4557 — DWE4557;181,90;269,39;269,39;0,00;deja aligne, ne bouge pas
DWD524KS;DeWALT DWD524KS — DWD524KS;181,55;269,05;269,05;0,00;deja aligne, ne bouge pas
DCK211D2T-QW;DeWALT DCK211D2T-QW — DCK211D2T-QW;181,25;268,61;268,61;0,00;deja aligne, ne bouge pas
DCD791N;DeWALT DCD791N — Perceuse-visseuse 18V DCD791N;97,36;165,42;165,42;0,00;deja aligne, ne bouge pas
DCS335N-XJ;DeWALT DCS335N-XJ — Scie sauteuse 18V DCS335N-XJ;180,36;267,66;267,66;0,00;deja aligne, ne bouge pas
DCD999N-XJ;DeWALT DCD999N-XJ — Perceuse-visseuse à percussion 18V DCD999N-XJ;179,90;266,98;266,98;0,00;deja aligne, ne bouge pas
DCB548-XJ;DeWALT DCB548-XJ — Batterie XR 18V-54V 12Ah-4Ah Flexvolt DCB548-XJ;179,00;265,99;265,99;0,00;deja aligne, ne bouge pas
DCMBA572N;DeWALT DCMBA572N — DCMBA572N;178,98;265,97;265,97;0,00;deja aligne, ne bouge pas
DCS572NT-XJ;DeWALT DCS572NT-XJ — Scie circulaire 18V Ø184 mm DCS572NT-XJ;181,31;268,70;268,70;0,00;deja aligne, ne bouge pas
DCS355N-XJ;DeWALT DCS355N-XJ — Multicutter Outil multifonction DCS355N-XJ;105,99;176,05;176,05;0,00;deja aligne, ne bouge pas
DWE4206-QS;DeWALT DWE4206-QS — DWE4206-QS;104,60;174,37;174,37;0,00;deja aligne, ne bouge pas
DCF901NT;DeWALT DCF901NT — DCF901NT;190,00;279,49;279,49;0,00;deja aligne, ne bouge pas
DCR029-QW;DeWALT DCR029-QW — Radio de chantier 18V DCR029-QW Bluetooth;189,62;278,93;278,93;0,00;deja aligne, ne bouge pas
DWST08061-1;DeWALT DWST08061-1 — DWST08061-1;188,99;256,08;256,08;0,00;deja aligne, ne bouge pas
DCM562P1;DeWALT DCM562P1 — DCM562P1;188,38;277,49;277,49;0,00;deja aligne, ne bouge pas
D28492S;DeWALT D28492S — D28492S;186,96;275,77;275,77;0,00;deja aligne, ne bouge pas
DCDW105;DeWALT DCDW105 — DCDW105;186,34;274,85;274,85;0,00;deja aligne, ne bouge pas
DE0735;DeWALT DE0735 — DE0735;186,23;252,72;252,72;0,00;deja aligne, ne bouge pas
DCH253N;DeWALT DCH253N — DCH253N;185,28;273,66;273,66;0,00;deja aligne, ne bouge pas
DWE575K;DeWALT DWE575K — DWE575K;185,28;273,66;273,66;0,00;deja aligne, ne bouge pas
DXWT-504;DeWALT DXWT-504 — DXWT-504;184,99;251,22;251,22;0,00;deja aligne, ne bouge pas
DCS570N;DeWALT DCS570N — Scie circulaire 18V XR Brushless Ø184 mm (machine seule);184,50;296,12;296,12;0,00;deja aligne, ne bouge pas
D21441;DeWALT D21441 — D21441;195,99;286,73;286,73;0,00;deja aligne, ne bouge pas
DCF860N-XJ;DeWALT DCF860N-XJ — DCF860N-XJ;195,92;286,82;286,82;0,00;deja aligne, ne bouge pas
DWE576K-QS;DeWALT DWE576K-QS — Scie circulaire 1600 W 190 mm DWE576K-QS;194,90;285,53;285,53;0,00;deja aligne, ne bouge pas
DCS373N;DeWALT DCS373N — DCS373N;194,27;284,80;284,80;0,00;deja aligne, ne bouge pas
DCL074-XJ;DeWALT DCL074-XJ — Projecteur de chantier DCL074-XJ;194,18;284,66;284,66;0,00;deja aligne, ne bouge pas
DS150;DeWALT DS150 — DS150;86,00;129,26;129,26;0,00;deja aligne, ne bouge pas
DEWDCS565N;DeWALT DEWDCS565N — DEWDCS565N;193,13;283,32;283,32;0,00;deja aligne, ne bouge pas
DCDW107;DeWALT DCDW107 — DCDW107;192,02;281,88;281,88;0,00;deja aligne, ne bouge pas
DCMAS5713N;DeWALT DCMAS5713N — DCMAS5713N;191,90;281,71;281,71;0,00;deja aligne, ne bouge pas
DWST83471;DeWALT DWST83471 — DWST83471;190,60;258,07;258,07;0,00;deja aligne, ne bouge pas
DCG418NT-XJ;DeWALT DCG418NT-XJ — Meuleuse Ø125 mm 54V DCG418NT-XJ;195,06;285,77;285,77;0,00;deja aligne, ne bouge pas
DCMPH566N-XJ-XJ;DeWALT DCMPH566N-XJ-XJ — Taille haie sur perche orientable 18V DCMPH566N-XJ-XJ;191,90;281,71;281,71;0,00;deja aligne, ne bouge pas
DCD790D2;DeWALT DCD790D2 — DCD790D2;199,90;291,66;291,66;0,00;deja aligne, ne bouge pas
DCD1007NT-XJ;DeWALT DCD1007NT-XJ — Perceuse-visseuse à percussion 18V DCD1007NT-XJ;199,58;291,19;291,19;0,00;deja aligne, ne bouge pas
DWE4559;DeWALT DWE4559 — DWE4559;199,00;290,54;290,54;0,00;deja aligne, ne bouge pas
DWE4357-QS;DeWALT DWE4357-QS — DWE4357-QS;197,90;289,13;289,13;0,00;deja aligne, ne bouge pas
DCG416VSN-XJ;DeWALT DCG416VSN-XJ — Meuleuse Ø125 mm 18V DCG416VSN-XJ;197,09;288,14;288,14;0,00;deja aligne, ne bouge pas
DE3472;DeWALT DE3472 — DE3472;196,99;265,93;265,93;0,00;deja aligne, ne bouge pas
DCMHT573N-XJ;DeWALT DCMHT573N-XJ — DCMHT573N-XJ;196,26;287,12;287,12;0,00;deja aligne, ne bouge pas
DCF510N-XJ;DeWALT DCF510N-XJ — Clé à cliquet XR 18V DCF510N-XJ;207,40;300,94;300,94;0,00;deja aligne, ne bouge pas
DW682K-QS;DeWALT DW682K-QS — Fraiseuse à lamelles filaire 600 W (coffret);206,96;314,99;314,99;0,00;deja aligne, ne bouge pas
DCMPP569N-XJ;DeWALT DCMPP569N-XJ — Sécateur sur perche XR 18V DCMPP569N-XJ;206,14;299,32;299,32;0,00;deja aligne, ne bouge pas
DCD100M2T;DeWALT DCD100M2T — DCD100M2T;203,99;296,60;296,60;0,00;deja aligne, ne bouge pas
DWE4579;DeWALT DWE4579 — DWE4579;203,99;296,60;296,60;0,00;deja aligne, ne bouge pas
DXCMS2524HE;DeWALT DXCMS2524HE — DXCMS2524HE;203,98;296,59;296,59;0,00;deja aligne, ne bouge pas
DCE154N;DeWALT DCE154N — DCE154N;203,96;296,56;296,56;0,00;deja aligne, ne bouge pas
DWD522KS;DeWALT DWD522KS — DWD522KS;201,34;293,35;293,35;0,00;deja aligne, ne bouge pas
DCBP518;DeWALT DCBP518 — DCBP518;103,20;172,55;172,55;0,00;deja aligne, ne bouge pas
DCG430N;DeWALT DCG430N — DCG430N;214,90;310,10;310,10;0,00;deja aligne, ne bouge pas
DXWT-FT512;DeWALT DXWT-FT512 — DXWT-FT512;214,83;287,87;287,87;0,00;deja aligne, ne bouge pas
DW268K;DeWALT DW268K — DW268K;214,00;309,01;309,01;0,00;deja aligne, ne bouge pas
DCM565N-XJ;DeWALT DCM565N-XJ — Tronçonneuse 18V 30 cm DCM565N-XJ;210,44;304,51;304,51;0,00;deja aligne, ne bouge pas
DXV34P-QT;DeWALT DXV34P-QT — DXV34P-QT;209,99;304,07;304,07;0,00;deja aligne, ne bouge pas
DCMHT567N-XJ;DeWALT DCMHT567N-XJ — DCMHT567N-XJ;209,90;303,94;303,94;0,00;deja aligne, ne bouge pas
DCF900NT-XJ;"DeWALT DCF900NT-XJ — Boulonneuse 18V 1/2"" DCF900NT-XJ";212,99;307,78;307,78;0,00;deja aligne, ne bouge pas
DCS565NT-XJ;DeWALT DCS565NT-XJ — DCS565NT-XJ;219,98;316,33;316,33;0,00;deja aligne, ne bouge pas
DWS773;DeWALT DWS773 — DWS773;219,95;316,28;316,28;0,00;deja aligne, ne bouge pas
DWE4347-QS;DeWALT DWE4347-QS — DWE4347-QS;219,83;316,12;316,12;0,00;deja aligne, ne bouge pas
DT70585T;DeWALT DT70585T — DT70585T;219,24;293,34;293,34;0,00;deja aligne, ne bouge pas
D28730;DeWALT D28730 — D28730;219,00;315,14;315,14;0,00;deja aligne, ne bouge pas
AT-DXV34PTA;DeWALT AT-DXV34PTA — AT-DXV34PTA;218,53;314,46;314,46;0,00;deja aligne, ne bouge pas
DW680K;DeWALT DW680K — DW680K;218,04;313,98;313,98;0,00;deja aligne, ne bouge pas
DCM848N-XJ;DeWALT DCM848N-XJ — Polisseuse orbitale 18V DCM848N-XJ;217,62;313,37;313,37;0,00;deja aligne, ne bouge pas
48-0026;DeWALT 48-0026 — 48-0026;217,25;313,06;313,06;0,00;deja aligne, ne bouge pas
DWD241-QS;DeWALT DWD241-QS — DWD241-QS;215,90;311,33;311,33;0,00;deja aligne, ne bouge pas
DCF891NT-XJ;"DeWALT DCF891NT-XJ — Boulonneuse à chocs 1/2"" 18V XR Brushless (machine seule, coffret TSTAK)";215,50;310,75;310,75;0,00;deja aligne, ne bouge pas
DCM200N;DeWALT DCM200N — Lime à bande 18V DCM200N;226,88;324,89;324,89;0,00;deja aligne, ne bouge pas
DMF1550-XJ;DeWALT DMF1550-XJ — DMF1550-XJ;226,44;324,26;324,26;0,00;deja aligne, ne bouge pas
DW331K;DeWALT DW331K — DW331K;225,62;323,32;323,32;0,00;deja aligne, ne bouge pas
DCF514N;DeWALT DCF514N — DCF514N;225,00;322,43;322,43;0,00;deja aligne, ne bouge pas
DT9765;DeWALT DT9765 — DT9765;224,08;299,15;299,15;0,00;deja aligne, ne bouge pas
DWP849X;DeWALT DWP849X — DWP849X;223,58;320,83;320,83;0,00;deja aligne, ne bouge pas
D26200-QS;DeWALT D26200-QS — Affleureuse (défonceuse) de paume compacte filaire 900W;222,04;333,73;333,73;0,00;deja aligne, ne bouge pas
DWMT75462-0;DeWALT DWMT75462-0 — DWMT75462-0;85,99;129,24;129,24;0,00;deja aligne, ne bouge pas
DT20775;DeWALT DT20775 — DT20775;85,90;129,19;129,19;0,00;deja aligne, ne bouge pas
DWST83522-1;DeWALT DWST83522-1 — DWST83522-1;85,90;129,19;129,19;0,00;deja aligne, ne bouge pas
DE3474;DeWALT DE3474 — DE3474;85,68;128,87;128,87;0,00;deja aligne, ne bouge pas
DWMT81534-1;DeWALT DWMT81534-1 — DWMT81534-1;233,71;311,06;311,06;0,00;deja aligne, ne bouge pas
DWST1-81078;DeWALT DWST1-81078 — Radio de chantier Bluetooth 18V DWST1-81078;231,64;330,78;330,78;0,00;deja aligne, ne bouge pas
DCGG571NK-XJ;DeWALT DCGG571NK-XJ — DCGG571NK-XJ;231,35;330,37;330,37;0,00;deja aligne, ne bouge pas
DCF887P2;"DeWALT DCF887P2 — Visseuse a chocs 1/4"" XR 18V (2x5Ah + chargeur + TSTAK)";230,08;328,79;328,79;0,00;deja aligne, ne bouge pas
DCD803NT-XJ;DeWALT DCD803NT-XJ — Perceuse-visseuse à têtes multiples 18V DCD803NT-XJ;229,52;327,98;327,98;0,00;deja aligne, ne bouge pas
DCMBL777;DeWALT DCMBL777 — DCMBL777;229,00;327,47;327,47;0,00;deja aligne, ne bouge pas
DCF892NT-XJ;DeWALT DCF892NT-XJ — DCF892NT-XJ;239,10;340,00;340,00;0,00;deja aligne, ne bouge pas
DCG421N-XJ;DeWALT DCG421N-XJ — DCG421N-XJ;239,00;339,86;339,86;0,00;deja aligne, ne bouge pas
DCN701N;DeWALT DCN701N — DCN701N;238,99;339,84;339,84;0,00;deja aligne, ne bouge pas
DCE088NG18-XJ;DeWALT DCE088NG18-XJ — DCE088NG18-XJ;238,10;338,58;338,58;0,00;deja aligne, ne bouge pas
DCG420N-XJ;DeWALT DCG420N-XJ — Meuleuse droite compacte XR 18V DCG420N-XJ;236,00;336,06;336,06;0,00;deja aligne, ne bouge pas
DCR027;DeWALT DCR027 — DCR027;235,38;335,41;335,41;0,00;deja aligne, ne bouge pas
DW304PK;DeWALT DW304PK — DW304PK;235,10;335,02;335,02;0,00;deja aligne, ne bouge pas
DCK2060D2T;DeWALT DCK2060D2T — DCK2060D2T;234,56;334,25;334,25;0,00;deja aligne, ne bouge pas
DCM849;DeWALT DCM849 — DCM849;234,04;333,74;333,74;0,00;deja aligne, ne bouge pas
DWE4217;DeWALT DWE4217 — DWE4217;91,09;157,68;157,68;0,00;deja aligne, ne bouge pas
DCS491;DeWALT DCS491 — DCS491;244,33;346,21;346,21;0,00;deja aligne, ne bouge pas
DCF897N-XJ;DeWALT DCF897N-XJ — DCF897N-XJ;240,98;342,19;342,19;0,00;deja aligne, ne bouge pas
DWE4997-QS;DeWALT DWE4997-QS — DWE4997-QS;240,89;342,06;342,06;0,00;deja aligne, ne bouge pas
DCG404;DeWALT DCG404 — DCG404;239,99;341,03;341,03;0,00;deja aligne, ne bouge pas
DCLE14201GB-XJ;DeWALT DCLE14201GB-XJ — Niveau laser croix faisceau vert DCLE14201GB-XJ;239,44;340,25;340,25;0,00;deja aligne, ne bouge pas
DCF520;DeWALT DCF520 — DCF520;250,00;353,26;353,26;0,00;deja aligne, ne bouge pas
DXCMS156RE;DeWALT DXCMS156RE — DXCMS156RE;249,90;353,11;353,11;0,00;deja aligne, ne bouge pas
D26500K;DeWALT D26500K — D26500K;249,60;352,93;352,93;0,00;deja aligne, ne bouge pas
DCS386NT-XJ;DeWALT DCS386NT-XJ — Scie sabre 18V DCS386NT-XJ;249,07;352,19;352,19;0,00;deja aligne, ne bouge pas
DCK795S2T;DeWALT DCK795S2T — DCK795S2T;247,98;350,89;350,89;0,00;deja aligne, ne bouge pas
DCDW108;DeWALT DCDW108 — DCDW108;247,50;350,21;350,21;0,00;deja aligne, ne bouge pas
DCM572N-XJ;DeWALT DCM572N-XJ — DCM572N-XJ;246,10;348,48;348,48;0,00;deja aligne, ne bouge pas
DCM571N;DeWALT DCM571N — DCM571N;245,99;348,32;348,32;0,00;deja aligne, ne bouge pas
D25333K;DeWALT D25333K — D25333K;256,00;360,71;360,71;0,00;deja aligne, ne bouge pas
DCF902D2-QW;DeWALT DCF902D2-QW — DCF902D2-QW;255,16;359,77;359,77;0,00;deja aligne, ne bouge pas
DCD444N-XJ;DeWALT DCD444N-XJ — Perceuse-visseuse d'angle 18V XR Brushless (solo);253,98;381,73;381,73;0,00;deja aligne, ne bouge pas
DCK2110L2T-QW;DeWALT DCK2110L2T-QW — DCK2110L2T-QW;253,87;357,96;357,96;0,00;deja aligne, ne bouge pas
DPN46RN-XJ;DeWALT DPN46RN-XJ — DPN46RN-XJ;253,45;357,61;357,61;0,00;deja aligne, ne bouge pas
DW0811;DeWALT DW0811 — DW0811;253,18;357,24;357,24;0,00;deja aligne, ne bouge pas
DCS573NT-XJ;DeWALT DCS573NT-XJ — Scie circulaire 18V Ø190 mm DCS573NT-XJ;252,91;356,86;356,86;0,00;deja aligne, ne bouge pas
DCW220NT-XJ;DeWALT DCW220NT-XJ — Ponceuse à bande 18V DCW220NT-XJ;252,00;355,82;355,82;0,00;deja aligne, ne bouge pas
DCL079-XJ;DeWALT DCL079-XJ — DCL079-XJ;250,99;354,65;354,65;0,00;deja aligne, ne bouge pas
DWMT73803;DeWALT DWMT73803 — DWMT73803;262,64;368,75;368,75;0,00;deja aligne, ne bouge pas
DCB549-XJ;DeWALT DCB549-XJ — DCB549-XJ;261,09;366,83;366,83;0,00;deja aligne, ne bouge pas
DCS578NT-XJ;DeWALT DCS578NT-XJ — DCS578NT-XJ;259,18;364,67;364,67;0,00;deja aligne, ne bouge pas
DCE050N-XJ;DeWALT DCE050N-XJ — DCE050N-XJ;258,68;363,96;363,96;0,00;deja aligne, ne bouge pas
DCK2062D2T-QW;DeWALT DCK2062D2T-QW — DCK2062D2T-QW;256,74;361,49;361,49;0,00;deja aligne, ne bouge pas
DCW682NT-XJ;DeWALT DCW682NT-XJ — DCW682NT-XJ;269,00;376,60;376,60;0,00;deja aligne, ne bouge pas
DCM651PB-S;DeWALT DCM651PB-S — DCM651PB-S;268,61;376,32;376,32;0,00;deja aligne, ne bouge pas
DCS389NT-XJ;DeWALT DCS389NT-XJ — DCS389NT-XJ;267,09;374,46;374,46;0,00;deja aligne, ne bouge pas
DWST1-81079;DeWALT DWST1-81079 — DWST1-81079;266,00;372,94;372,94;0,00;deja aligne, ne bouge pas
DT9772;DeWALT DT9772 — DT9772;264,00;348,48;348,48;0,00;deja aligne, ne bouge pas
DCS377NT-XJ;DeWALT DCS377NT-XJ — DCS377NT-XJ;275,58;384,71;384,71;0,00;deja aligne, ne bouge pas
DW294;DeWALT DW294 — DW294;275,33;384,36;384,36;0,00;deja aligne, ne bouge pas
DCE0822D1R;DeWALT DCE0822D1R — DCE0822D1R;274,99;384,16;384,16;0,00;deja aligne, ne bouge pas
DCG440N-XJ;DeWALT DCG440N-XJ — Meuleuse d'angle 180 mm 54V XR FlexVolt Brushless (machine seule);274,74;398,65;398,65;0,00;deja aligne, ne bouge pas
DXCMS2550HE;DeWALT DXCMS2550HE — DXCMS2550HE;273,99;382,76;382,76;0,00;deja aligne, ne bouge pas
DCE590N-XJ;DeWALT DCE590N-XJ — Ventouse à vide d'air 18V DCE590N-XJ;272,20;380,53;380,53;0,00;deja aligne, ne bouge pas
DXWT-502;DeWALT DXWT-502 — DXWT-502;271,00;356,90;356,90;0,00;deja aligne, ne bouge pas
DPN64C-XJ;DeWALT DPN64C-XJ — DPN64C-XJ;269,99;377,99;377,99;0,00;deja aligne, ne bouge pas
DPN1564APP;DeWALT DPN1564APP — DPN1564APP;281,64;392,33;392,33;0,00;deja aligne, ne bouge pas
DWXAF201;DeWALT DWXAF201 — DWXAF201;280,00;368,20;368,20;0,00;deja aligne, ne bouge pas
DWE6005;DeWALT DWE6005 — DWE6005;278,92;388,81;388,81;0,00;deja aligne, ne bouge pas
DCS579NT-XJ;DeWALT DCS579NT-XJ — Scie circulaire 54V Ø190 mm DCS579NT-XJ;277,35;386,90;386,90;0,00;deja aligne, ne bouge pas
DCE580N-XJ;DeWALT DCE580N-XJ — DCE580N-XJ;277,10;386,56;386,56;0,00;deja aligne, ne bouge pas
DW23700;DeWALT DW23700 — DW23700;288,89;401,27;401,27;0,00;deja aligne, ne bouge pas
D26203;DeWALT D26203 — D26203;287,89;399,88;399,88;0,00;deja aligne, ne bouge pas
DCN660N-XJ;DeWALT DCN660N-XJ — Cloueur de finition 18V DCN660N-XJ;287,45;399,26;399,26;0,00;deja aligne, ne bouge pas
DCF620P2K;DeWALT DCF620P2K — Visseuse à placo 18V XR Brushless + chargeur de vis en bande (2×5,0 Ah, coffret TSTAK);286,19;412,68;412,68;0,00;deja aligne, ne bouge pas
DCD8052;DeWALT DCD8052 — DCD8052;286,04;397,60;397,60;0,00;deja aligne, ne bouge pas
D28885;DeWALT D28885 — D28885;286,00;397,54;397,54;0,00;deja aligne, ne bouge pas
DCLE34021D1-QW;DeWALT DCLE34021D1-QW — Laser croix compact faisceau vert XR 18V DCLE34021D1-QW;285,90;397,40;397,40;0,00;deja aligne, ne bouge pas
DCMCS574N-XJ;DeWALT DCMCS574N-XJ — DCMCS574N-XJ;282,41;393,12;393,12;0,00;deja aligne, ne bouge pas
DCG414;DeWALT DCG414 — DCG414;281,75;392,47;392,47;0,00;deja aligne, ne bouge pas
DT3888;DeWALT DT3888 — DT3888;89,65;133,75;133,75;0,00;deja aligne, ne bouge pas
DT9943;DeWALT DT9943 — DT9943;89,51;133,64;133,64;0,00;deja aligne, ne bouge pas
DT2186-QZ;DeWALT DT2186-QZ — DT2186-QZ;88,90;132,82;132,82;0,00;deja aligne, ne bouge pas
AT-DXV20P;DeWALT AT-DXV20P — AT-DXV20P;88,49;154,50;154,50;0,00;deja aligne, ne bouge pas
DT8972-QZ;DeWALT DT8972-QZ — DT8972-QZ;88,03;131,78;131,78;0,00;deja aligne, ne bouge pas
DCMASBC1N-XJ;DeWALT DCMASBC1N-XJ — DCMASBC1N-XJ;87,58;153,35;153,35;0,00;deja aligne, ne bouge pas
DT6946-QZ;DeWALT DT6946-QZ — DT6946-QZ;87,48;131,14;131,14;0,00;deja aligne, ne bouge pas
DWST40603-1;DeWALT DWST40603-1 — DWST40603-1;86,82;130,32;130,32;0,00;deja aligne, ne bouge pas
DT8374-QZ;DeWALT DT8374-QZ — DT8374-QZ;86,76;130,22;130,22;0,00;deja aligne, ne bouge pas
DCK791;DeWALT DCK791 — DCK791;291,41;404,18;404,18;0,00;deja aligne, ne bouge pas
DXPW002U-QS;DeWALT DXPW002U-QS — DXPW002U-QS;290,00;402,52;402,52;0,00;deja aligne, ne bouge pas
DCW210N-XJ;DeWALT DCW210N-XJ — Ponceuse Ø125 mm 18V DCW210N-XJ;106,29;176,44;176,44;0,00;deja aligne, ne bouge pas
DCF85M;DeWALT DCF85M — Perceuse et visseuse à chocs sans balais DEWALT DCF85M 20V | Outil électrique avec couple de 205 Nm, 0-3250 tr/min, mand;289,90;402,38;402,38;0,00;deja aligne, ne bouge pas
DXF1645A;DeWALT DXF1645A — DXF1645A;300,90;415,85;415,85;0,00;deja aligne, ne bouge pas
DCF850P2T;"DeWALT DCF850P2T — Visseuse a chocs 1/4"" XR 18V Ultra-compacte (2x5Ah + TSTAK)";299,64;414,41;414,41;0,00;deja aligne, ne bouge pas
DWS520KT-QS;DeWALT DWS520KT-QS — Scie circulaire plongeante 1300W DWS520KT-QS;299,41;414,08;414,08;0,00;deja aligne, ne bouge pas
DCB118X2-QW;DeWALT DCB118X2-QW — Pack énergie 54V/18V FLEXVOLT (2x9,0 Ah) + chargeur rapide DCB118;299,00;428,47;428,47;0,00;deja aligne, ne bouge pas
2-PACK;DeWALT 2-PACK — 2-PACK;298,99;413,51;413,51;0,00;deja aligne, ne bouge pas
DWS5023;DeWALT DWS5023 — DWS5023;298,99;413,51;413,51;0,00;deja aligne, ne bouge pas
DWS774;DeWALT DWS774 — DWS774;298,89;413,36;413,36;0,00;deja aligne, ne bouge pas
DXRH012E;DeWALT DXRH012E — DXRH012E;297,99;412,42;412,42;0,00;deja aligne, ne bouge pas
DCK796D2T;DeWALT DCK796D2T — DCK796D2T;297,08;411,16;411,16;0,00;deja aligne, ne bouge pas
DCF961NT-XJ;"DeWALT DCF961NT-XJ — Boulonneuse 18V 1/2"" DCF961NT-XJ";306,29;422,68;422,68;0,00;deja aligne, ne bouge pas
D28710;DeWALT D28710 — D28710;303,80;419,54;419,54;0,00;deja aligne, ne bouge pas
D28715;DeWALT D28715 — D28715;303,00;418,44;418,44;0,00;deja aligne, ne bouge pas
DCE581NK;DeWALT DCE581NK — DCE581NK;302,28;417,76;417,76;0,00;deja aligne, ne bouge pas
DCW604NT-XJ;DeWALT DCW604NT-XJ — Affleureuse - défonceuse XR 18V DCW604NT-XJ;304,62;420,68;420,68;0,00;deja aligne, ne bouge pas
DT71706;DeWALT DT71706 — DT71706;315,66;411,94;411,94;0,00;deja aligne, ne bouge pas
DCH274N;DeWALT DCH274N — DCH274N;315,00;433,44;433,44;0,00;deja aligne, ne bouge pas
DXF1853;DeWALT DXF1853 — DXF1853;314,90;433,31;433,31;0,00;deja aligne, ne bouge pas
DCE825NG18-XJ;DeWALT DCE825NG18-XJ — DCE825NG18-XJ;314,00;432,06;432,06;0,00;deja aligne, ne bouge pas
DCS391M2-QW;DeWALT DCS391M2-QW — Scie circulaire 165 mm 18V XR (kit 2×4,0 Ah + coffret TSTAK);313,42;454,78;454,78;0,00;deja aligne, ne bouge pas
DCZ100P2KT-QW;DeWALT DCZ100P2KT-QW — DCZ100P2KT-QW;311,82;429,37;429,37;0,00;deja aligne, ne bouge pas
DCD732M2;DeWALT DCD732M2 — DCD732M2;310,44;427,79;427,79;0,00;deja aligne, ne bouge pas
DCK2020P2T-QW;DeWALT DCK2020P2T-QW — DCK2020P2T-QW;309,90;427,04;427,04;0,00;deja aligne, ne bouge pas
DCM5713N-XJ;DeWALT DCM5713N-XJ — DCM5713N-XJ;309,44;426,41;426,41;0,00;deja aligne, ne bouge pas
DCD240N-XJ;DeWALT DCD240N-XJ — DCD240N-XJ;319,96;439,31;439,31;0,00;deja aligne, ne bouge pas
DCE0811;DeWALT DCE0811 — DCE0811;318,99;438,29;438,29;0,00;deja aligne, ne bouge pas
DCS350NT-XJ;DeWALT DCS350NT-XJ — DCS350NT-XJ;318,84;438,08;438,08;0,00;deja aligne, ne bouge pas
D26204K;DeWALT D26204K — D26204K;318,61;437,77;437,77;0,00;deja aligne, ne bouge pas
DCF899P2;"DeWALT DCF899P2 — Boulonneuse à chocs 1/2"" 18V XR 950 Nm (2×5,0 Ah + chargeur + coffret TSTAK)";317,06;450,54;450,54;0,00;deja aligne, ne bouge pas
DCE0825D1R;DeWALT DCE0825D1R — DCE0825D1R;327,08;448,10;448,10;0,00;deja aligne, ne bouge pas
DCS496N-XJ;DeWALT DCS496N-XJ — DCS496N-XJ;325,44;446,18;446,18;0,00;deja aligne, ne bouge pas
DCS577N-XJ;DeWALT DCS577N-XJ — DCS577N-XJ;324,32;444,65;444,65;0,00;deja aligne, ne bouge pas
DCK2061D2T-QW;DeWALT DCK2061D2T-QW — DCK2061D2T-QW;341,40;465,67;465,67;0,00;deja aligne, ne bouge pas
DCLE14301GB-XJ;DeWALT DCLE14301GB-XJ — DCLE14301GB-XJ;340,18;464,34;464,34;0,00;deja aligne, ne bouge pas
DW621-QS;DeWALT DW621-QS — DW621-QS;338,66;462,61;462,61;0,00;deja aligne, ne bouge pas
DWK211;DeWALT DWK211 — DWK211;337,00;460,34;460,34;0,00;deja aligne, ne bouge pas
D21520;DeWALT D21520 — D21520;335,50;458,63;458,63;0,00;deja aligne, ne bouge pas
DCMCS575N-XJ;DeWALT DCMCS575N-XJ — DCMCS575N-XJ;334,00;456,58;456,58;0,00;deja aligne, ne bouge pas
DCD792NT;DeWALT DCD792NT — DCD792NT;333,59;456,35;456,35;0,00;deja aligne, ne bouge pas
DCK268P2T;DeWALT DCK268P2T — DCK268P2T;330,76;452,81;452,81;0,00;deja aligne, ne bouge pas
DCMPW1600N-XJ;DeWALT DCMPW1600N-XJ — Nettoyeur haute pression XR 2 X 18V DCMPW1600N-XJ;330,25;452,11;452,11;0,00;deja aligne, ne bouge pas
DWE396;DeWALT DWE396 — DWE396;349,27;475,36;475,36;0,00;deja aligne, ne bouge pas
DCE531N-XJ;DeWALT DCE531N-XJ — Vibrateur à béton DCE531N-XJ;348,99;475,32;475,32;0,00;deja aligne, ne bouge pas
DCG460NK-XJ;DeWALT DCG460NK-XJ — DCG460NK-XJ;348,28;474,36;474,36;0,00;deja aligne, ne bouge pas
DCV586MN;DeWALT DCV586MN — DCV586MN;346,27;471,97;471,97;0,00;deja aligne, ne bouge pas
DW333K;DeWALT DW333K — DW333K;346,16;471,82;471,82;0,00;deja aligne, ne bouge pas
DPN9033;DeWALT DPN9033 — DPN9033;345,63;471,10;471,10;0,00;deja aligne, ne bouge pas
D25810K;DeWALT D25810K — D25810K;344,94;470,15;470,15;0,00;deja aligne, ne bouge pas
DWV901L;DeWALT DWV901L — DWV901L;344,00;468,88;468,88;0,00;deja aligne, ne bouge pas
DCN681N;DeWALT DCN681N — DCN681N;343,28;468,23;468,23;0,00;deja aligne, ne bouge pas
DCMCST635N-XJ;DeWALT DCMCST635N-XJ — Tronçonneuse 54V 35 cm DCMCST635N-XJ;359,76;488,56;488,56;0,00;deja aligne, ne bouge pas
DCN680NT-XJ;DeWALT DCN680NT-XJ — Cloueur de finition 18 Ga 18V DCN680NT-XJ;358,75;487,19;487,19;0,00;deja aligne, ne bouge pas
DPN75C-XJ;DeWALT DPN75C-XJ — DPN75C-XJ;358,43;486,74;486,74;0,00;deja aligne, ne bouge pas
DCS378;DeWALT DCS378 — DCS378;358,30;486,58;486,58;0,00;deja aligne, ne bouge pas
DCN650N-XJ;DeWALT DCN650N-XJ — DCN650N-XJ;357,23;485,47;485,47;0,00;deja aligne, ne bouge pas
DCK2080P2T;DeWALT DCK2080P2T — DCK2080P2T;356,45;484,42;484,42;0,00;deja aligne, ne bouge pas
DCM586N;DeWALT DCM586N — DCM586N;354,32;481,87;481,87;0,00;deja aligne, ne bouge pas
DCK2050E2T;DeWALT DCK2050E2T — DCK2050E2T;354,26;481,79;481,79;0,00;deja aligne, ne bouge pas
D21570K;DeWALT D21570K — D21570K;353,93;481,34;481,34;0,00;deja aligne, ne bouge pas
DCF964N-XJ;DeWALT DCF964N-XJ — DCF964N-XJ;350,36;476,84;476,84;0,00;deja aligne, ne bouge pas
DCG45MP2T;DeWALT DCG45MP2T — DCG45MP2T;369,99;500,96;500,96;0,00;deja aligne, ne bouge pas
DCLE34031N-XJ;DeWALT DCLE34031N-XJ — DCLE34031N-XJ;367,63;498,14;498,14;0,00;deja aligne, ne bouge pas
DPN90C-XJ;DeWALT DPN90C-XJ — DPN90C-XJ;367,16;497,50;497,50;0,00;deja aligne, ne bouge pas
DCG200NT;DeWALT DCG200NT — DCG200NT;365,18;495,18;495,18;0,00;deja aligne, ne bouge pas
DWH050-XJ;DeWALT DWH050-XJ — DWH050-XJ;91,90;158,71;158,71;0,00;deja aligne, ne bouge pas
DWE4207-QS;DeWALT DWE4207-QS — DWE4207-QS;91,50;158,21;158,21;0,00;deja aligne, ne bouge pas
DWHT0-43172;DeWALT DWHT0-43172 — DWHT0-43172;90,98;157,57;157,57;0,00;deja aligne, ne bouge pas
DCB094K-QW;DeWALT DCB094K-QW — DCB094K-QW;90,90;157,44;157,44;0,00;deja aligne, ne bouge pas
DT4376-QZ;DeWALT DT4376-QZ — DT4376-QZ;90,87;135,30;135,30;0,00;deja aligne, ne bouge pas
DT5929-QZ;DeWALT DT5929-QZ — DT5929-QZ;90,68;135,02;135,02;0,00;deja aligne, ne bouge pas
DEWPDCK266P2;DeWALT DEWPDCK266P2 — DEWPDCK266P2;379,18;512,27;512,27;0,00;deja aligne, ne bouge pas
DCR017;DeWALT DCR017 — DCR017;377,37;510,20;510,20;0,00;deja aligne, ne bouge pas
DWK206;DeWALT DWK206 — DWK206;377,00;509,70;509,70;0,00;deja aligne, ne bouge pas
DCH333N;DeWALT DCH333N — DCH333N;375,00;507,00;507,00;0,00;deja aligne, ne bouge pas
DCLE14251GB-XJ;DeWALT DCLE14251GB-XJ — DCLE14251GB-XJ;374,99;506,99;506,99;0,00;deja aligne, ne bouge pas
DCMWP134N-XJ;DeWALT DCMWP134N-XJ — DCMWP134N-XJ;374,94;507,29;507,29;0,00;deja aligne, ne bouge pas
DCF6201;DeWALT DCF6201 — DCF6201;374,39;506,54;506,54;0,00;deja aligne, ne bouge pas
DCE822NG18-XJ;DeWALT DCE822NG18-XJ — DCE822NG18-XJ;374,00;506,03;506,03;0,00;deja aligne, ne bouge pas
DCMST911N-XJ;DeWALT DCMST911N-XJ — DCMST911N-XJ;374,00;506,03;506,03;0,00;deja aligne, ne bouge pas
DWK201;DeWALT DWK201 — DWK201;392,00;528,02;528,02;0,00;deja aligne, ne bouge pas
DT9778;DeWALT DT9778 — DT9778;391,86;505,90;505,90;0,00;deja aligne, ne bouge pas
DCCS1100N;DeWALT DCCS1100N — DCCS1100N;389,83;525,49;525,49;0,00;deja aligne, ne bouge pas
DWK208;DeWALT DWK208 — DWK208;388,00;523,02;523,02;0,00;deja aligne, ne bouge pas
DCN662NT-XJ;DeWALT DCN662NT-XJ — DCN662NT-XJ;385,73;520,34;520,34;0,00;deja aligne, ne bouge pas
DXWDMMA200E;DeWALT DXWDMMA200E — DXWDMMA200E;385,08;519,47;519,47;0,00;deja aligne, ne bouge pas
D25430K;DeWALT D25430K — D25430K;384,99;519,35;519,35;0,00;deja aligne, ne bouge pas
DCF403NT-XJ;DeWALT DCF403NT-XJ — DCF403NT-XJ;382,52;516,41;516,41;0,00;deja aligne, ne bouge pas
DCW620NT-XJ;DeWALT DCW620NT-XJ — Défonceuse XR 18V DCW620NT-XJ;380,21;513,66;513,66;0,00;deja aligne, ne bouge pas
D25481K-QS;DeWALT D25481K-QS — D25481K-QS;409,09;549,00;549,00;0,00;deja aligne, ne bouge pas
DWK212;DeWALT DWK212 — DWK212;403,00;541,63;541,63;0,00;deja aligne, ne bouge pas
DCF891P2T-QW;"DeWALT DCF891P2T-QW — Boulonneuse à chocs 1/2"" 18V XR 812 Nm (2×5,0 Ah + chargeur + coffret TSTAK)";398,82;551,17;551,17;0,00;deja aligne, ne bouge pas
DWS777-QS;DeWALT DWS777-QS — Scie à onglet radiale Ø216 mm DWS777-QS;393,88;530,56;530,56;0,00;deja aligne, ne bouge pas
DCE085D1G;DeWALT DCE085D1G — DCE085D1G;393,23;529,68;529,68;0,00;deja aligne, ne bouge pas
DCN682N;DeWALT DCN682N — DCN682N;424,00;567,31;567,31;0,00;deja aligne, ne bouge pas
DCMBC812N-XJ;DeWALT DCMBC812N-XJ — DCMBC812N-XJ;424,00;567,31;567,31;0,00;deja aligne, ne bouge pas
WDCK796D2KX-QW;DeWALT WDCK796D2KX-QW — WDCK796D2KX-QW;423,14;566,58;566,58;0,00;deja aligne, ne bouge pas
DCK2102L2T-QW;DeWALT DCK2102L2T-QW — DCK2102L2T-QW;421,99;565,04;565,04;0,00;deja aligne, ne bouge pas
DWE399-QS;DeWALT DWE399-QS — DWE399-QS;417,00;558,78;558,78;0,00;deja aligne, ne bouge pas
DCS397N;DeWALT DCS397N — DCS397N;416,09;557,56;557,56;0,00;deja aligne, ne bouge pas
DWK204;DeWALT DWK204 — DWK204;414,00;555,18;555,18;0,00;deja aligne, ne bouge pas
DWK209;DeWALT DWK209 — DWK209;414,00;555,18;555,18;0,00;deja aligne, ne bouge pas
DCMPS635N-XJ;DeWALT DCMPS635N-XJ — DCMPS635N-XJ;414,00;555,18;555,18;0,00;deja aligne, ne bouge pas
DCE089NG18-XJ;DeWALT DCE089NG18-XJ — Laser 3 lignes vert 12V/18V DCE089NG18-XJ;413,76;554,86;554,86;0,00;deja aligne, ne bouge pas
DCE800N-XJ;DeWALT DCE800N-XJ — DCE800N-XJ;412,72;553,45;553,45;0,00;deja aligne, ne bouge pas
DWK200;DeWALT DWK200 — DWK200;410,00;550,22;550,22;0,00;deja aligne, ne bouge pas
DWE397-QS;DeWALT DWE397-QS — Scie Alligator DWE397-QS;409,90;550,08;550,08;0,00;deja aligne, ne bouge pas
DCH416NT-XJ;DeWALT DCH416NT-XJ — DCH416NT-XJ;438,65;585,60;585,60;0,00;deja aligne, ne bouge pas
DCN950N-XJ;DeWALT DCN950N-XJ — DCN950N-XJ;438,32;585,16;585,16;0,00;deja aligne, ne bouge pas
DCK200MP2T;DeWALT DCK200MP2T — DCK200MP2T;437,90;584,59;584,59;0,00;deja aligne, ne bouge pas
DCB118Y2-QW;DeWALT DCB118Y2-QW — Pack énergie 54V/18V FLEXVOLT (2x12,0 Ah) + chargeur rapide DCB118;437,16;607,21;607,21;0,00;deja aligne, ne bouge pas
DCS777N;DeWALT DCS777N — DCS777N;432,32;577,58;577,58;0,00;deja aligne, ne bouge pas
DWK205;DeWALT DWK205 — DWK205;432,00;577,15;577,15;0,00;deja aligne, ne bouge pas
DWE398;DeWALT DWE398 — DWE398;426,86;571,14;571,14;0,00;deja aligne, ne bouge pas
DWK207;DeWALT DWK207 — DWK207;425,00;568,66;568,66;0,00;deja aligne, ne bouge pas
4250887742883;DeWALT 4250887742883 — 4250887742883;424,20;567,58;567,58;0,00;deja aligne, ne bouge pas
DWE625KT-QS;DeWALT DWE625KT-QS — Défonceuse 2300 W 12 mm DWE625KT-QS;430,12;575,08;575,08;0,00;deja aligne, ne bouge pas
DCMW564N-XJ;DeWALT DCMW564N-XJ — DCMW564N-XJ;461,29;613,51;613,51;0,00;deja aligne, ne bouge pas
DWE7485-QS;DeWALT DWE7485-QS — DWE7485-QS;459,37;610,97;610,97;0,00;deja aligne, ne bouge pas
DCH254M2;DeWALT DCH254M2 — DCH254M2;458,62;609,96;609,96;0,00;deja aligne, ne bouge pas
DCK2101L2T;DeWALT DCK2101L2T — DCK2101L2T;455,18;605,84;605,84;0,00;deja aligne, ne bouge pas
DCS383N-XJ;DeWALT DCS383N-XJ — Scie circulaire 18V Ø184 mm DCS383N-XJ;455,01;605,62;605,62;0,00;deja aligne, ne bouge pas
DCH832XN-XJ;DeWALT DCH832XN-XJ — DCH832XN-XJ;454,99;605,59;605,59;0,00;deja aligne, ne bouge pas
DCS365N;DeWALT DCS365N — DCS365N;451,76;601,74;601,74;0,00;deja aligne, ne bouge pas
DWE627KT-QS;DeWALT DWE627KT-QS — DWE627KT-QS;446,30;594,91;594,91;0,00;deja aligne, ne bouge pas
D25334K-QS;DeWALT D25334K-QS — D25334K-QS;444,95;593,12;593,12;0,00;deja aligne, ne bouge pas
DWK202;DeWALT DWK202 — DWK202;443,00;590,96;590,96;0,00;deja aligne, ne bouge pas
DWK203;DeWALT DWK203 — DWK203;443,00;590,96;590,96;0,00;deja aligne, ne bouge pas
DEWDCN680N;DeWALT DEWDCN680N — DEWDCN680N;442,24;589,94;589,94;0,00;deja aligne, ne bouge pas
DPC17PS;DeWALT DPC17PS — DPC17PS;441,00;588,30;588,30;0,00;deja aligne, ne bouge pas
DCK276P2;DeWALT DCK276P2 — DCK276P2;490,56;649,50;649,50;0,00;deja aligne, ne bouge pas
DCK308DM;DeWALT DCK308DM — DCK308DM;490,49;649,40;649,40;0,00;deja aligne, ne bouge pas
DCK207P2T-QW;DeWALT DCK207P2T-QW — DCK207P2T-QW;490,00;648,76;648,76;0,00;deja aligne, ne bouge pas
DWE7800-QS;DeWALT DWE7800-QS — DWE7800-QS;485,60;643,42;643,42;0,00;deja aligne, ne bouge pas
DCK2023M2T;DeWALT DCK2023M2T — DCK2023M2T;484,00;641,30;641,30;0,00;deja aligne, ne bouge pas
DCMASED57X1;DeWALT DCMASED57X1 — DCMASED57X1;482,96;639,92;639,92;0,00;deja aligne, ne bouge pas
DWK210;DeWALT DWK210 — DWK210;480,00;636,48;636,48;0,00;deja aligne, ne bouge pas
DCS374N;DeWALT DCS374N — DCS374N;480,00;636,48;636,48;0,00;deja aligne, ne bouge pas
D25832K-QS;DeWALT D25832K-QS — D25832K-QS;474,52;629,69;629,69;0,00;deja aligne, ne bouge pas
DCK384P2T-QW;DeWALT DCK384P2T-QW — DCK384P2T-QW;472,40;626,88;626,88;0,00;deja aligne, ne bouge pas
DCK2052H2T-QW;DeWALT DCK2052H2T-QW — DCK2052H2T-QW;470,09;624,28;624,28;0,00;deja aligne, ne bouge pas
DCS388N;DeWALT DCS388N — DCS388N;467,69;621,10;621,10;0,00;deja aligne, ne bouge pas
DCMWSP156N-XJ;DeWALT DCMWSP156N-XJ — Tondeuse 2 x 18V DCMWSP156N-XJ;466,02;619,34;619,34;0,00;deja aligne, ne bouge pas
DCMBC823N-XJ;DeWALT DCMBC823N-XJ — DCMBC823N-XJ;514,00;678,48;678,48;0,00;deja aligne, ne bouge pas
DCK355P2T-QW;DeWALT DCK355P2T-QW — DCK355P2T-QW;513,92;678,37;678,37;0,00;deja aligne, ne bouge pas
DWS778;DeWALT DWS778 — DWS778;513,26;677,51;677,51;0,00;deja aligne, ne bouge pas
D25323K;DeWALT D25323K — D25323K;509,05;671,95;671,95;0,00;deja aligne, ne bouge pas
DCS520NT-XJ;DeWALT DCS520NT-XJ — Scie circulaire plongeante 18/54V XR FlexVolt Ø165 mm (machine seule, coffret TSTAK);507,38;693,59;693,59;0,00;deja aligne, ne bouge pas
D25413K;DeWALT D25413K — D25413K;505,13;667,27;667,27;0,00;deja aligne, ne bouge pas
DCS387M2;DeWALT DCS387M2 — DCS387M2;504,30;666,18;666,18;0,00;deja aligne, ne bouge pas
DCS691N;DeWALT DCS691N — Découpeuse sans fil 54V XR FLEXVOLT Ø230 mm (machine seule);503,62;726,22;726,22;0,00;deja aligne, ne bouge pas
DCK2016T2T;DeWALT DCK2016T2T — DCK2016T2T;499,90;660,86;660,86;0,00;deja aligne, ne bouge pas
DWK224;DeWALT DWK224 — DWK224;497,00;657,53;657,53;0,00;deja aligne, ne bouge pas
DW872;DeWALT DW872 — DW872;493,90;653,42;653,42;0,00;deja aligne, ne bouge pas
DWK219;DeWALT DWK219 — DWK219;492,00;651,41;651,41;0,00;deja aligne, ne bouge pas
DCF414;DeWALT DCF414 — DCF414;545,00;716,68;716,68;0,00;deja aligne, ne bouge pas
DWK216;DeWALT DWK216 — DWK216;543,00;714,05;714,05;0,00;deja aligne, ne bouge pas
DCK327P2T;DeWALT DCK327P2T — DCK327P2T;538,37;708,49;708,49;0,00;deja aligne, ne bouge pas
DWK214;DeWALT DWK214 — DWK214;531,00;699,32;699,32;0,00;deja aligne, ne bouge pas
DWK213;DeWALT DWK213 — DWK213;531,00;699,32;699,32;0,00;deja aligne, ne bouge pas
DWK217;DeWALT DWK217 — DWK217;531,00;699,32;699,32;0,00;deja aligne, ne bouge pas
DXCMB2M50HE;DeWALT DXCMB2M50HE — DXCMB2M50HE;529,98;697,98;697,98;0,00;deja aligne, ne bouge pas
DCMST901N-XJ;DeWALT DCMST901N-XJ — DCMST901N-XJ;525,70;692,87;692,87;0,00;deja aligne, ne bouge pas
D25614K;DeWALT D25614K — D25614K;525,00;691,96;691,96;0,00;deja aligne, ne bouge pas
DWK225;DeWALT DWK225 — DWK225;524,00;690,64;690,64;0,00;deja aligne, ne bouge pas
DWK221;DeWALT DWK221 — DWK221;522,00;688,00;688,00;0,00;deja aligne, ne bouge pas
DCMWP500N-XJ;DeWALT DCMWP500N-XJ — DCMWP500N-XJ;522,00;688,00;688,00;0,00;deja aligne, ne bouge pas
DCK2068P2T;DeWALT DCK2068P2T — DCK2068P2T;520,64;686,72;686,72;0,00;deja aligne, ne bouge pas
DCD990M2;DeWALT DCD990M2 — DCD990M2;574,15;752,14;752,14;0,00;deja aligne, ne bouge pas
DWV905M-QS;DeWALT DWV905M-QS — DWV905M-QS;570,00;747,28;747,28;0,00;deja aligne, ne bouge pas
DCN45;DeWALT DCN45 — DCN45;569,32;746,38;746,38;0,00;deja aligne, ne bouge pas
DCK2012P2T-QW;DeWALT DCK2012P2T-QW — DCK2012P2T-QW;569,18;746,20;746,20;0,00;deja aligne, ne bouge pas
DCK383P2T;DeWALT DCK383P2T — DCK383P2T;569,00;745,96;745,96;0,00;deja aligne, ne bouge pas
DCS7485;DeWALT DCS7485 — DCS7485;568,02;744,67;744,67;0,00;deja aligne, ne bouge pas
D25330K;DeWALT D25330K — D25330K;565,50;741,94;741,94;0,00;deja aligne, ne bouge pas
DWK218;DeWALT DWK218 — DWK218;557,00;731,34;731,34;0,00;deja aligne, ne bouge pas
DCK304P2-QW;DeWALT DCK304P2-QW — DCK304P2-QW;549,90;722,57;722,57;0,00;deja aligne, ne bouge pas
DW622KT-QS;DeWALT DW622KT-QS — DW622KT-QS;547,95;720,01;720,01;0,00;deja aligne, ne bouge pas
DWK215;DeWALT DWK215 — DWK215;546,00;717,44;717,44;0,00;deja aligne, ne bouge pas
DWK220;DeWALT DWK220 — DWK220;546,00;717,44;717,44;0,00;deja aligne, ne bouge pas
DWK222;DeWALT DWK222 — DWK222;546,00;717,44;717,44;0,00;deja aligne, ne bouge pas
DT8356-QZ;DeWALT DT8356-QZ — DT8356-QZ;95,62;141,13;141,13;0,00;deja aligne, ne bouge pas
D28011;DeWALT D28011 — D28011;95,27;162,82;162,82;0,00;deja aligne, ne bouge pas
DT4346-QZ;DeWALT DT4346-QZ — DT4346-QZ;94,98;140,28;140,28;0,00;deja aligne, ne bouge pas
AT-DXV20PC;DeWALT AT-DXV20PC — AT-DXV20PC;94,53;161,93;161,93;0,00;deja aligne, ne bouge pas
DWE46225;DeWALT DWE46225 — DWE46225;94,02;161,34;161,34;0,00;deja aligne, ne bouge pas
DT8353-QZ;DeWALT DT8353-QZ — DT8353-QZ;93,26;138,22;138,22;0,00;deja aligne, ne bouge pas
DE0736;DeWALT DE0736 — DE0736;93,13;138,02;138,02;0,00;deja aligne, ne bouge pas
DXVCS003;DeWALT DXVCS003 — DXVCS003;92,99;160,03;160,03;0,00;deja aligne, ne bouge pas
DT8412-XJ;DeWALT DT8412-XJ — DT8412-XJ;92,62;137,45;137,45;0,00;deja aligne, ne bouge pas
DWE4203;DeWALT DWE4203 — DWE4203;92,40;159,30;159,30;0,00;deja aligne, ne bouge pas
DT20737B-QZ;DeWALT DT20737B-QZ — DT20737B-QZ;623,71;791,48;791,48;0,00;deja aligne, ne bouge pas
DCK3222MP2T-QW;DeWALT DCK3222MP2T-QW — DCK3222MP2T-QW;621,37;810,26;810,26;0,00;deja aligne, ne bouge pas
DCK2077P2T-QW;DeWALT DCK2077P2T-QW — DCK2077P2T-QW;617,17;805,40;805,40;0,00;deja aligne, ne bouge pas
DCK2200H2T-QW;DeWALT DCK2200H2T-QW — DCK2200H2T-QW;611,71;798,28;798,28;0,00;deja aligne, ne bouge pas
DCK2095D2T-QW;DeWALT DCK2095D2T-QW — DCK2095D2T-QW;610,32;797,08;797,08;0,00;deja aligne, ne bouge pas
DE0772;DeWALT DE0772 — DE0772;608,35;794,51;794,51;0,00;deja aligne, ne bouge pas
DW733;DeWALT DW733 — DW733;603,56;788,24;788,24;0,00;deja aligne, ne bouge pas
D27113;DeWALT D27113 — D27113;598,25;781,91;781,91;0,00;deja aligne, ne bouge pas
DCMBBL800N;DeWALT DCMBBL800N — DCMBBL800N;598,00;781,58;781,58;0,00;deja aligne, ne bouge pas
DWE7492-QS;DeWALT DWE7492-QS — Scie sur table DWE7492-QS Ø250 mm;594,20;777,22;777,22;0,00;deja aligne, ne bouge pas
DCG4610T2-QW;DeWALT DCG4610T2-QW — DCG4610T2-QW;593,53;776,34;776,34;0,00;deja aligne, ne bouge pas
DCH614N;DeWALT DCH614N — DCH614N;593,39;776,16;776,16;0,00;deja aligne, ne bouge pas
DCMWSP550N-XJ;DeWALT DCMWSP550N-XJ — DCMWSP550N-XJ;592,00;774,34;774,34;0,00;deja aligne, ne bouge pas
D25335K-QS;DeWALT D25335K-QS — D25335K-QS;578,73;758,14;758,14;0,00;deja aligne, ne bouge pas
D25881K-QS;DeWALT D25881K-QS — D25881K-QS;577,56;756,60;756,60;0,00;deja aligne, ne bouge pas
DWK301;DeWALT DWK301 — DWK301;689,00;893,63;893,63;0,00;deja aligne, ne bouge pas
DCK422P3T;DeWALT DCK422P3T — DCK422P3T;675,41;876,68;876,68;0,00;deja aligne, ne bouge pas
DCN910N;DeWALT DCN910N — DCN910N;664,00;863,20;863,20;0,00;deja aligne, ne bouge pas
DXGNI20E;DeWALT DXGNI20E — DXGNI20E;658,67;856,27;856,27;0,00;deja aligne, ne bouge pas
DCH275P2;DeWALT DCH275P2 — DCH275P2;651,37;847,43;847,43;0,00;deja aligne, ne bouge pas
DCK329P2T-QW;DeWALT DCK329P2T-QW — DCK329P2T-QW;648,42;843,60;843,60;0,00;deja aligne, ne bouge pas
DCH735;DeWALT DCH735 — DCH735;645,25;840,12;840,12;0,00;deja aligne, ne bouge pas
DWK300;DeWALT DWK300 — DWK300;645,00;839,80;839,80;0,00;deja aligne, ne bouge pas
DCK305P3T;DeWALT DCK305P3T — DCK305P3T;634,99;827,39;827,39;0,00;deja aligne, ne bouge pas
DWK223;DeWALT DWK223 — DWK223;634,00;826,10;826,10;0,00;deja aligne, ne bouge pas
D25899K;DeWALT D25899K — D25899K;633,59;825,56;825,56;0,00;deja aligne, ne bouge pas
DCH775N-XJ;DeWALT DCH775N-XJ — DCH775N-XJ;755,09;974,82;974,82;0,00;deja aligne, ne bouge pas
DCK209P2;DeWALT DCK209P2 — DCK209P2;746,72;964,76;964,76;0,00;deja aligne, ne bouge pas
DCK212D2T-QW;DeWALT DCK212D2T-QW — DCK212D2T-QW;744,48;961,87;961,87;0,00;deja aligne, ne bouge pas
DCK551P3T;DeWALT DCK551P3T — DCK551P3T;723,91;936,74;936,74;0,00;deja aligne, ne bouge pas
DCK377P3T;DeWALT DCK377P3T — DCK377P3T;719,00;930,38;930,38;0,00;deja aligne, ne bouge pas
D27112;DeWALT D27112 — D27112;715,40;926,45;926,45;0,00;deja aligne, ne bouge pas
D25733K-QS;DeWALT D25733K-QS — D25733K-QS;714,99;925,91;925,91;0,00;deja aligne, ne bouge pas
DWS727;DeWALT DWS727 — DWS727;714,50;925,27;925,27;0,00;deja aligne, ne bouge pas
DCK611P1D2;DeWALT DCK611P1D2 — DCK611P1D2;714,15;924,83;924,83;0,00;deja aligne, ne bouge pas
DCMWSP660N-XJ;DeWALT DCMWSP660N-XJ — DCMWSP660N-XJ;709,00;918,16;918,16;0,00;deja aligne, ne bouge pas
DCS371NT;DeWALT DCS371NT — DCS371NT;706,14;915,16;915,16;0,00;deja aligne, ne bouge pas
DCFS950N-XJ;DeWALT DCFS950N-XJ — DCFS950N-XJ;699,99;907,19;907,19;0,00;deja aligne, ne bouge pas
DCH892N;DeWALT DCH892N — DCH892N;697,55;904,02;904,02;0,00;deja aligne, ne bouge pas
DWK304PS;DeWALT DWK304PS — DWK304PS;876,00;1123,91;1123,91;0,00;deja aligne, ne bouge pas
DWK403;DeWALT DWK403 — DWK403;861,00;1105,52;1105,52;0,00;deja aligne, ne bouge pas
D27111;DeWALT D27111 — D27111;859,00;1102,96;1102,96;0,00;deja aligne, ne bouge pas
DWK306PS;DeWALT DWK306PS — DWK306PS;854,00;1096,54;1096,54;0,00;deja aligne, ne bouge pas
DCK246P2-QW;DeWALT DCK246P2-QW — DCK246P2-QW;846,88;1088,24;1088,24;0,00;deja aligne, ne bouge pas
DCN692N;DeWALT DCN692N — DCN692N;837,61;1076,33;1076,33;0,00;deja aligne, ne bouge pas
DCK607M2-QW;DeWALT DCK607M2-QW — DCK607M2-QW;834,99;1073,80;1073,80;0,00;deja aligne, ne bouge pas
DWK303PS;DeWALT DWK303PS — DWK303PS;828,00;1064,81;1064,81;0,00;deja aligne, ne bouge pas
D25911K-QS;DeWALT D25911K-QS — D25911K-QS;826,99;1063,51;1063,51;0,00;deja aligne, ne bouge pas
DWS780-QS;DeWALT DWS780-QS — Scie à onglet radiale Ø305 mm DWS780-QS;812,30;1045,43;1045,43;0,00;deja aligne, ne bouge pas
DWK305PS;DeWALT DWK305PS — DWK305PS;806,00;1038,13;1038,13;0,00;deja aligne, ne bouge pas
DCLE34035D1-QW;DeWALT DCLE34035D1-QW — DCLE34035D1-QW;805,01;1036,85;1036,85;0,00;deja aligne, ne bouge pas
DXGNP35E;DeWALT DXGNP35E — DXGNP35E;778,40;1004,14;1004,14;0,00;deja aligne, ne bouge pas
DWK402;DeWALT DWK402 — DWK402;777,00;1002,34;1002,34;0,00;deja aligne, ne bouge pas
DW712N;DeWALT DW712N — DW712N;776,71;1001,95;1001,95;0,00;deja aligne, ne bouge pas
D25773K;DeWALT D25773K — D25773K;770,89;994,45;994,45;0,00;deja aligne, ne bouge pas
DCS727N;DeWALT DCS727N — DCS727N;764,99;987,60;987,60;0,00;deja aligne, ne bouge pas
DW711;DeWALT DW711 — DW711;1009,26;1287,82;1287,82;0,00;deja aligne, ne bouge pas
DWK405PS;DeWALT DWK405PS — DWK405PS;1008,00;1286,21;1286,21;0,00;deja aligne, ne bouge pas
DCH911NK-XJ;DeWALT DCH911NK-XJ — DCH911NK-XJ;978,90;1251,04;1251,04;0,00;deja aligne, ne bouge pas
DWK404PS;DeWALT DWK404PS — DWK404PS;975,00;1246,06;1246,06;0,00;deja aligne, ne bouge pas
D25871K;DeWALT D25871K — D25871K;959,49;1226,23;1226,23;0,00;deja aligne, ne bouge pas
DWK308PS;DeWALT DWK308PS — DWK308PS;953,00;1218,89;1218,89;0,00;deja aligne, ne bouge pas
D25961K;DeWALT D25961K — D25961K;952,56;1218,32;1218,32;0,00;deja aligne, ne bouge pas
DW743N-QS;DeWALT DW743N-QS — Scie sur table et à onglets retournable DW743N-QS Ø250 mm;949,90;1214,93;1214,93;0,00;deja aligne, ne bouge pas
DW876;DeWALT DW876 — DW876;944,99;1208,64;1208,64;0,00;deja aligne, ne bouge pas
DCH335;DeWALT DCH335 — DCH335;937,76;1200,34;1200,34;0,00;deja aligne, ne bouge pas
DWK401;DeWALT DWK401 — DWK401;931,00;1191,68;1191,68;0,00;deja aligne, ne bouge pas
DCLE05211R;DeWALT DCLE05211R — DCLE05211R;930,00;1190,40;1190,40;0,00;deja aligne, ne bouge pas
DCK500P3T-QW;DeWALT DCK500P3T-QW — DCK500P3T-QW;924,97;1183,96;1183,96;0,00;deja aligne, ne bouge pas
DCD460T2;DeWALT DCD460T2 — DCD460T2;924,95;1183,93;1183,93;0,00;deja aligne, ne bouge pas
DCS782N;DeWALT DCS782N — DCS782N;918,25;1176,28;1176,28;0,00;deja aligne, ne bouge pas
DCK623P3;DeWALT DCK623P3 — DCK623P3;913,60;1170,32;1170,32;0,00;deja aligne, ne bouge pas
DW650E;DeWALT DW650E — DW650E;910,00;1165,72;1165,72;0,00;deja aligne, ne bouge pas
DWK307PS;DeWALT DWK307PS — DWK307PS;909,00;1164,43;1164,43;0,00;deja aligne, ne bouge pas
DCK428P3T;DeWALT DCK428P3T — DCK428P3T;899,99;1153,79;1153,79;0,00;deja aligne, ne bouge pas
DWK400;DeWALT DWK400 — DWK400;898,00;1151,23;1151,23;0,00;deja aligne, ne bouge pas
DT20732B-QZ;DeWALT DT20732B-QZ — DT20732B-QZ;890,80;1119,73;1119,73;0,00;deja aligne, ne bouge pas
DCS781N-XJ;DeWALT DCS781N-XJ — Scie à onglet radiale Ø305 mm DCS781N-XJ;884,00;1134,17;1134,17;0,00;deja aligne, ne bouge pas
DCS690N-XJ;DeWALT DCS690N-XJ — DCS690N-XJ;883,79;1133,90;1133,90;0,00;deja aligne, ne bouge pas
AR-DXPW008E;DeWALT AR-DXPW008E — AR-DXPW008E;1234,00;1564,72;1564,72;0,00;deja aligne, ne bouge pas
DCK755P3T;DeWALT DCK755P3T — DCK755P3T;1210,99;1536,74;1536,74;0,00;deja aligne, ne bouge pas
DCK706P3T-QW;DeWALT DCK706P3T-QW — DCK706P3T-QW;1203,30;1526,99;1526,99;0,00;deja aligne, ne bouge pas
D25966-QS;DeWALT D25966-QS — D25966-QS;1199,00;1521,53;1521,53;0,00;deja aligne, ne bouge pas
DCK665P3T;DeWALT DCK665P3T — DCK665P3T;1198,75;1521,22;1521,22;0,00;deja aligne, ne bouge pas
DCH334;DeWALT DCH334 — DCH334;1192,75;1513,60;1513,60;0,00;deja aligne, ne bouge pas
DCD150NK-XJ;DeWALT DCD150NK-XJ — DCD150NK-XJ;1189,40;1509,35;1509,35;0,00;deja aligne, ne bouge pas
DWE1622K;DeWALT DWE1622K — DWE1622K;1159,99;1473,19;1473,19;0,00;deja aligne, ne bouge pas
DCK690P3T-QW;DeWALT DCK690P3T-QW — DCK690P3T-QW;1154,00;1465,58;1465,58;0,00;deja aligne, ne bouge pas
DCE074D1R;DeWALT DCE074D1R — DCE074D1R;1137,19;1445,36;1445,36;0,00;deja aligne, ne bouge pas
DCE079D1R-QW;DeWALT DCE079D1R-QW — Laser rotatif faisceau rouge 18V DCE079D1R-QW;1098,88;1397,77;1397,77;0,00;deja aligne, ne bouge pas
D25872K-QS;DeWALT D25872K-QS — D25872K-QS;1082,09;1377,50;1377,50;0,00;deja aligne, ne bouge pas
DXPW004E;DeWALT DXPW004E — DXPW004E;1081,88;1377,23;1377,23;0,00;deja aligne, ne bouge pas
DCK685P3T-QW;DeWALT DCK685P3T-QW — DCK685P3T-QW;1064,27;1355,88;1355,88;0,00;deja aligne, ne bouge pas
D36000-QS;DeWALT D36000-QS — D36000-QS;1061,57;1330,15;1330,15;0,00;deja aligne, ne bouge pas
DW739;DeWALT DW739 — DW739;1035,45;1320,20;1320,20;0,00;deja aligne, ne bouge pas
DCK421P3T;DeWALT DCK421P3T — DCK421P3T;1030,00;1313,26;1313,26;0,00;deja aligne, ne bouge pas
D24000;DeWALT D24000 — D24000;1015,39;1295,64;1295,64;0,00;deja aligne, ne bouge pas
DWK804T;DeWALT DWK804T — DWK804T;1679,00;2112,18;2112,18;0,00;deja aligne, ne bouge pas
DWK801T;DeWALT DWK801T — DWK801T;1675,00;2107,15;2107,15;0,00;deja aligne, ne bouge pas
DWK701T;DeWALT DWK701T — DWK701T;1664,00;2093,32;2093,32;0,00;deja aligne, ne bouge pas
D25981;DeWALT D25981 — D25981;1599,00;2013,14;2013,14;0,00;deja aligne, ne bouge pas
DWK800T;DeWALT DWK800T — DWK800T;1586,00;1998,36;1998,36;0,00;deja aligne, ne bouge pas
DWK802T;DeWALT DWK802T — DWK802T;1580,00;1990,80;1990,80;0,00;deja aligne, ne bouge pas
DWK702T;DeWALT DWK702T — DWK702T;1536,00;1936,90;1936,90;0,00;deja aligne, ne bouge pas
DWK601T;DeWALT DWK601T — DWK601T;1510,00;1904,11;1904,11;0,00;deja aligne, ne bouge pas
DWK700T;DeWALT DWK700T — DWK700T;1510,00;1904,11;1904,11;0,00;deja aligne, ne bouge pas
DCK853P4;DeWALT DCK853P4 — DCK853P4;1503,67;1896,13;1896,13;0,00;deja aligne, ne bouge pas
D27300;DeWALT D27300 — D27300;1464,44;1848,12;1848,12;0,00;deja aligne, ne bouge pas
DCH323T2-QW;DeWALT DCH323T2-QW — DCH323T2-QW;1435,59;1813,15;1813,15;0,00;deja aligne, ne bouge pas
DWK600T;DeWALT DWK600T — DWK600T;1316,00;1666,06;1666,06;0,00;deja aligne, ne bouge pas
DCE079D1G-QW;DeWALT DCE079D1G-QW — Laser rotatif faisceau vert 18V DCE079D1G-QW;1312,09;1661,10;1661,10;0,00;deja aligne, ne bouge pas
D25960K;DeWALT D25960K — D25960K;1303,69;1650,47;1650,47;0,00;deja aligne, ne bouge pas
DCD1623N-XJ;DeWALT DCD1623N-XJ — DCD1623N-XJ;1287,31;1629,73;1629,73;0,00;deja aligne, ne bouge pas
DCK654P3T-QW;DeWALT DCK654P3T-QW — DCK654P3T-QW;1285,30;1627,19;1627,19;0,00;deja aligne, ne bouge pas
D27107XPS;DeWALT D27107XPS — D27107XPS;1262,47;1599,55;1599,55;0,00;deja aligne, ne bouge pas
DCK509P3-QW;DeWALT DCK509P3-QW — DCK509P3-QW;1261,53;1598,36;1598,36;0,00;deja aligne, ne bouge pas
DCE080D1RS;DeWALT DCE080D1RS — DCE080D1RS;1244,99;1578,65;1578,65;0,00;deja aligne, ne bouge pas
DT50002-QZ;DeWALT DT50002-QZ — DT50002-QZ;9985,00;12311,51;12311,51;0,00;deja aligne, ne bouge pas
DW721KN;DeWALT DW721KN — DW721KN;3414,70;4247,89;4247,89;0,00;deja aligne, ne bouge pas
DCPS7154N-XJ;DeWALT DCPS7154N-XJ — DCPS7154N-XJ;3033,78;3780,08;3780,08;0,00;deja aligne, ne bouge pas
DWK1203T;DeWALT DWK1203T — DWK1203T;2577,00;3218,68;3218,68;0,00;deja aligne, ne bouge pas
DWK1201T;DeWALT DWK1201T — DWK1201T;2471,00;3086,28;3086,28;0,00;deja aligne, ne bouge pas
DXPW010E;DeWALT DXPW010E — DXPW010E;2347,26;2934,07;2934,07;0,00;deja aligne, ne bouge pas
DWK1202T;DeWALT DWK1202T — DWK1202T;2306,00;2884,81;2884,81;0,00;deja aligne, ne bouge pas
DWK1200T;DeWALT DWK1200T — DWK1200T;2306,00;2884,81;2884,81;0,00;deja aligne, ne bouge pas
DWK1103T;DeWALT DWK1103T — DWK1103T;2295,00;2871,05;2871,05;0,00;deja aligne, ne bouge pas
DWK1101T;DeWALT DWK1101T — DWK1101T;2258,00;2824,76;2824,76;0,00;deja aligne, ne bouge pas
DWK1100T;DeWALT DWK1100T — DWK1100T;2196,00;2749,39;2749,39;0,00;deja aligne, ne bouge pas
DXPW011E;DeWALT DXPW011E — DXPW011E;2179,15;2728,30;2728,30;0,00;deja aligne, ne bouge pas
DWK1102T;DeWALT DWK1102T — DWK1102T;2108,00;2641,32;2641,32;0,00;deja aligne, ne bouge pas
DCH733N-XJ;DeWALT DCH733N-XJ — DCH733N-XJ;2077,68;2603,33;2603,33;0,00;deja aligne, ne bouge pas
DCH966;DeWALT DCH966 — DCH966;1907,81;2394,30;2394,30;0,00;deja aligne, ne bouge pas
DXGNP853E;DeWALT DXGNP853E — DXGNP853E;1872,95;2350,55;2350,55;0,00;deja aligne, ne bouge pas
DWK901T;DeWALT DWK901T — DWK901T;1869,00;2345,59;2345,59;0,00;deja aligne, ne bouge pas
DXPW009E;DeWALT DXPW009E — DXPW009E;1847,40;2320,33;2320,33;0,00;deja aligne, ne bouge pas
DCK865P4T-QW;DeWALT DCK865P4T-QW — DCK865P4T-QW;1802,34;2263,74;2263,74;0,00;deja aligne, ne bouge pas
DWK805T;DeWALT DWK805T — DWK805T;1785,00;2243,75;2243,75;0,00;deja aligne, ne bouge pas
DCK1012P4T-QW;DeWALT DCK1012P4T-QW — DCK1012P4T-QW;1778,33;2235,36;2235,36;0,00;deja aligne, ne bouge pas
DWK703;DeWALT DWK703 — DWK703;1775,00;2231,17;2231,17;0,00;deja aligne, ne bouge pas
DCK856P4;DeWALT DCK856P4 — DCK856P4;1734,06;2179,72;2179,72;0,00;deja aligne, ne bouge pas
DWK900T;DeWALT DWK900T — DWK900T;1728,00;2172,10;2172,10;0,00;deja aligne, ne bouge pas
DWK803T;DeWALT DWK803T — DWK803T;1699,00;2137,34;2137,34;0,00;deja aligne, ne bouge pas
DWE5615-QS;DeWALT DWE5615-QS — DWE5615-QS;99,90;168,53;168,53;0,00;deja aligne, ne bouge pas
DT4942-QZ;DeWALT DT4942-QZ — DT4942-QZ;99,17;145,49;145,49;0,00;deja aligne, ne bouge pas
DWD024KS;DeWALT DWD024KS — DWD024KS;98,88;167,30;167,30;0,00;deja aligne, ne bouge pas
DCR019;DeWALT DCR019 — DCR019;98,70;167,10;167,10;0,00;deja aligne, ne bouge pas
DCB140;DeWALT DCB140 — DCB140;98,16;166,38;166,38;0,00;deja aligne, ne bouge pas
DT2979;DeWALT DT2979 — DT2979;97,90;143,92;143,92;0,00;deja aligne, ne bouge pas
DWD112S;DeWALT DWD112S — DWD112S;97,86;166,07;166,07;0,00;deja aligne, ne bouge pas
DE0892G-XJ;DeWALT DE0892G-XJ — Cellule de réception laser vert DE0892G-XJ;97,28;165,28;165,28;0,00;deja aligne, ne bouge pas
DT70620T;DeWALT DT70620T — DT70620T;96,73;142,49;142,49;0,00;deja aligne, ne bouge pas
DT40256-QZ;DeWALT DT40256-QZ — DT40256-QZ;102,99;150,16;150,16;0,00;deja aligne, ne bouge pas
DCR011-XJ;DeWALT DCR011-XJ — Enceinte bluetooth 18V DCR011-XJ;102,90;172,26;172,26;0,00;deja aligne, ne bouge pas
350/30;DeWALT 350/30 — 350/30;101,92;148,91;148,91;0,00;deja aligne, ne bouge pas
DCV517N-XJ;DeWALT DCV517N-XJ — DCV517N-XJ;101,90;170,99;170,99;0,00;deja aligne, ne bouge pas
DCDW101;DeWALT DCDW101 — DCDW101;101,76;170,86;170,86;0,00;deja aligne, ne bouge pas
DW1361;DeWALT DW1361 — DW1361;101,68;148,56;148,56;0,00;deja aligne, ne bouge pas
DCBP318-XJ;DeWALT DCBP318-XJ — DCBP318-XJ;100,90;169,81;169,81;0,00;deja aligne, ne bouge pas
DPSB2IN1-XJ;DeWALT DPSB2IN1-XJ — DPSB2IN1-XJ;100,08;168,73;168,73;0,00;deja aligne, ne bouge pas
DCMASPS5N-XJ;DeWALT DCMASPS5N-XJ — DCMASPS5N-XJ;107,10;177,36;177,36;0,00;deja aligne, ne bouge pas
DT4217-QZ;DeWALT DT4217-QZ — DT4217-QZ;106,04;153,97;153,97;0,00;deja aligne, ne bouge pas
DWST60101-1;DeWALT DWST60101-1 — DWST60101-1;104,91;152,54;152,54;0,00;deja aligne, ne bouge pas
DT1926-QZ;DeWALT DT1926-QZ — DT1926-QZ;104,58;152,16;152,16;0,00;deja aligne, ne bouge pas
DWE4233;DeWALT DWE4233 — DWE4233;104,55;174,29;174,29;0,00;deja aligne, ne bouge pas
DWE4884-QS;DeWALT DWE4884-QS — DWE4884-QS;103,79;173,33;173,33;0,00;deja aligne, ne bouge pas
DWE4016D2;DeWALT DWE4016D2 — DWE4016D2;103,63;173,16;173,16;0,00;deja aligne, ne bouge pas
DT9973;DeWALT DT9973 — DT9973;83,10;125,74;125,74;0,00;deja aligne, ne bouge pas
DXVCS002;DeWALT DXVCS002 — DXVCS002;82,66;147,30;147,30;0,00;deja aligne, ne bouge pas
DWST60102-1;DeWALT DWST60102-1 — DWST60102-1;82,55;125,06;125,06;0,00;deja aligne, ne bouge pas
D26414;DeWALT D26414 — D26414;82,46;147,02;147,02;0,00;deja aligne, ne bouge pas
DT99576;DeWALT DT99576 — DT99576;82,01;124,33;124,33;0,00;deja aligne, ne bouge pas
DT99591-QZ;DeWALT DT99591-QZ — DT99591-QZ;81,99;124,38;124,38;0,00;deja aligne, ne bouge pas
DWE74912;DeWALT DWE74912 — DWE74912;81,66;146,09;146,09;0,00;deja aligne, ne bouge pas
DT5466;DeWALT DT5466 — DT5466;81,52;123,74;123,74;0,00;deja aligne, ne bouge pas
DT3885;DeWALT DT3885 — DT3885;80,73;122,80;122,80;0,00;deja aligne, ne bouge pas
D25134K;DeWALT D25134K — Perforateur burineur SDS-Plus 800W 2,8 J (coffret TSTAK);171,90;280,40;280,72;0,32;deja aligne, ne bouge pas
D25144K-QS;DeWALT D25144K-QS — Référence D25144K-QS — descriptif à compléter;193,99;283,33;284,39;1,06;le prix MONTE — il etait trop bas
DPC6MRC-QS;DeWALT DPC6MRC-QS — DEWALT Compresseur de montage DPC6MRC-QS Quantité:1;197,80;284,38;288,98;4,60;le prix MONTE — il etait trop bas
DCP580NT-XJ;DeWALT DCP580NT-XJ — Rabot XR 18V DCP580NT-XJ;186,90;268,13;275,68;7,55;le prix MONTE — il etait trop bas
DCF840NT-XJ;DeWALT DCF840NT-XJ — Visseuse à chocs 18V DCF840NT-XJ;116,26;180,66;188,69;8,03;le prix MONTE — il etait trop bas
DCK368P3T;DeWALT DCK368P3T — DCK368P3T Triple Kit, 18 V, Jaune, 27 x 32 x 15;649,68;834,68;845,23;10,55;le prix MONTE — il etait trop bas
DCS353B;DeWALT DCS353B — DCS353B Outil oscillant sans fil Lithium-Ion 12 V MAX (outil uniquement);127,44;191,66;202,38;10,72;le prix MONTE — il etait trop bas
DCF870NT-XJ;DeWALT DCF870NT-XJ — Visseuse à chocs hydraulique 18V DCF870NT-XJ;178,90;254,96;265,85;10,89;le prix MONTE — il etait trop bas
DCH172NT-XJ;DeWALT DCH172NT-XJ — Perforateur SDS Plus 18V DCH172NT-XJ;157,94;226,46;239,92;13,46;le prix MONTE — il etait trop bas
DW088K-XJ;DeWALT DW088K-XJ — Niveau laser croix DW088K-XJ;120,89;178,52;194,39;15,87;le prix MONTE — il etait trop bas
DCF922NT-XJ;"DeWALT DCF922NT-XJ — Boulonneuse 18V 1/2"" DCF922NT-XJ";153,14;209,94;234,00;24,06;le prix MONTE — il etait trop bas
DCF850NT-XJ;DeWALT DCF850NT-XJ — Visseuse à chocs DCF850NT-XJ;130,94;179,98;206,76;26,78;le prix MONTE — il etait trop bas
DCF850N;"DeWALT DCF850N — Visseuse a chocs 1/4"" XR 18V Ultra-compacte (outil nu)";118,86;164,98;191,84;26,86;le prix MONTE — il etait trop bas
DCW210NT-XJ;DeWALT DCW210NT-XJ — Ponceuse Ø125 mm 18V DCW210NT-XJ;142,37;191,44;220,81;29,37;le prix MONTE — il etait trop bas
DCD795NT-XJ;DeWALT DCD795NT-XJ — DCD795NT-XJ Perceuse-visseuse compact 18 V sans batterie/accessoires avec T-Stak Box ii;204,18;264,98;296,88;31,90;le prix MONTE — il etait trop bas
DCH263N;DeWALT DCH263N — DCH263N;183,12;233,48;271,02;37,54;le prix MONTE — il etait trop bas
DCK2051P2T-QW;DeWALT DCK2051P2T-QW — Référence DCK2051P2T-QW — descriptif à compléter;405,85;506,99;545,05;38,06;le prix MONTE — il etait trop bas
DCS355NT-XJ;DeWALT DCS355NT-XJ — Outil multifonctions oscillant 18V XR Brushless (solo, TSTAK);150,83;191,05;231,23;40,18;le prix MONTE — il etait trop bas
DPC10RC-QS;DeWALT DPC10RC-QS — Compresseur 10L DPC10RC-QS ROLLCAGE;309,90;384,16;427,04;42,88;le prix MONTE — il etait trop bas
DPC10QTC-QS;DeWALT DPC10QTC-QS — Compresseur 10L DPC10QTC-QS;318,54;384,16;437,68;53,52;le prix MONTE — il etait trop bas
DE7023-XJ;DeWALT DE7023-XJ — Piètement universel pour scies à onglets (repliable, 227 kg);185,98;222,02;276,55;54,53;le prix MONTE — il etait trop bas
DCK278P2T-QW;DeWALT DCK278P2T-QW — DCK278P2T-QW Kit Outils 18 V Jaune/Noir;540,63;653,45;710,93;57,48;le prix MONTE — il etait trop bas
DXV23PTA;DeWALT DXV23PTA — Aspirateur eau et poussières 1150W - cuve 23L + prise asservie - DXV23PTA DEWALT;186,53;217,03;275,14;58,11;le prix MONTE — il etait trop bas
DCD778N;DeWALT DCD778N — DCD778N Perceuse à marteau mixte sans balais 18 V, 65 Nm XR Li-Ion;176,09;195,88;262,38;66,50;le prix MONTE — il etait trop bas
DCF887N;"DeWALT DCF887N — Visseuse a chocs 1/4"" XR 18V (outil nu)";144,67;153,37;223,66;70,29;le prix MONTE — il etait trop bas
DCS575N-XJ;DeWALT DCS575N-XJ — DCS575N-XJ Scie Circulaire XR Flexvolt 54V Brushless 190 mm sans Batterie ni Chargeur, Jaune, Taille Unique;407,44;460,99;547,19;86,20;le prix MONTE — il etait trop bas
DCN930N;DeWALT DCN930N — Cloueur de charpente 18V XR Brushless 30° (machine seule);392,10;465,30;551,69;86,39;le prix MONTE — il etait trop bas
DCD796N-XJ;DeWALT DCD796N-XJ — Perceuse visseuse à percussion 18V DCD796N-XJ;168,97;161,52;253,62;92,10;le prix MONTE — il etait trop bas
DCF903B;DeWALT DCF903B — DCF903B XTREME 12V MAX Brushless 3/8 in. Cordless Impact Wrench (Tool Only);237,59;241,92;338,09;96,17;le prix MONTE — il etait trop bas
DCG405N;DeWALT DCG405N — Meuleuse 125 mm 18V XR Brushless (outil nu);213,99;204,23;323,77;119,54;le prix MONTE — il etait trop bas
DCD794N-XJ;DeWALT DCD794N-XJ — Perceuse-visseuse 18V DCD794N-XJ;213,99;178,72;309,00;130,28;le prix MONTE — il etait trop bas
DCK266NT;DeWALT DCK266NT — DCK266NT Perceuse visseuse à percussion (DCD796) Visseuse à chocs (DCF887) - (sans batterie ni chargeur) en TSTAK;299,89;281,28;414,74;133,46;le prix MONTE — il etait trop bas
DCH273N-XJ;DeWALT DCH273N-XJ — Perforateur burineur SDS-Plus 18V XR Brushless (machine seule);200,16;162,16;306,65;144,49;le prix MONTE — il etait trop bas
DCH273NT-XJ;DeWALT DCH273NT-XJ — Perforateur SDS Plus 18V DCH273NT-XJ;226,04;177,16;323,92;146,76;le prix MONTE — il etait trop bas
DCG409;DeWALT DCG409 — DEWALT-meuleuse d'angle DCG409, outil électrique sans fil sans balais 20V, machine de découpe, polisseuse portable recha;213,28;153,11;308,18;155,07;le prix MONTE — il etait trop bas
DXPW001U;DeWALT DXPW001U — DXPW001U - Nettoyeur haute pression à eau froide - 160 bars - 480 l/h;339,76;304,78;463,78;159,00;le prix MONTE — il etait trop bas
DCS334N-XJ;DeWALT DCS334N-XJ — Scie sauteuse 18V DCS334N-XJ;315,00;232,33;433,44;201,11;le prix MONTE — il etait trop bas
DW089;DeWALT DW089 — Niveau laser DEWALT DW089 12V, nivellement automatique, alarme sonore/lumineuse, alignement mural et au sol, constructio;303,88;199,38;419,66;220,28;le prix MONTE — il etait trop bas
DCF894N-XJ;"DeWALT DCF894N-XJ — Clé à Chocs Compacte 1/2"" XR 18V sans Batterie ni Chargeur DCF894N-XJ";424,50;339,86;567,98;228,12;le prix MONTE — il etait trop bas
DCMPS567N-XJ;DeWALT DCMPS567N-XJ — Elagueuse sur perche 18V DCMPS567N-XJ;389,00;279,02;524,38;245,36;le prix MONTE — il etait trop bas
DCMCST632N-XJ;DeWALT DCMCST632N-XJ — Tronçonneuse à Batterie Top-Handle 30cm, 54V (DCMCST632N-XJ);617,90;550,08;806,36;256,28;le prix MONTE — il etait trop bas
DCH481N;DeWALT DCH481N — FlexVolt DCH 481 N;888,67;598,06;1139,28;541,22;le prix MONTE — il etait trop bas
DCN890;DeWALT DCN890 — Chasse-clous de rechange pour Cloueur à béton sans fil DCN890 (DCN8901-XJ);568,98;152,72;745,93;593,21;le prix MONTE — il etait trop bas
