Référence sur mon site;Titre sur mon site;Mon prix de vente (€);Ma famille;Pourquoi
DCB118Y2-QW;DeWALT DCB118Y2-QW — Pack énergie 54V/18V FLEXVOLT (2x12,0 Ah) + chargeur rapide DCB118;546,08;Batteries et chargeurs;aucune annonce idealo trouvée pour ce modèle sur les 67 pages
DCB118Y3-QW;DeWALT DCB118Y3-QW — Pack énergie 54V/18V FLEXVOLT (3x12,0 Ah) + chargeur rapide DCB118;709,32;Batteries et chargeurs;aucune annonce idealo trouvée pour ce modèle sur les 67 pages
DCF891P2T-QW;"DeWALT DCF891P2T-QW — Boulonneuse à chocs 1/2"" 18V XR 812 Nm (2×5,0 Ah + chargeur + coffret TSTAK)";473,48;Perçage, vissage et boulonnage;aucune annonce idealo trouvée pour ce modèle sur les 67 pages
DCH273NT-XJ;DeWALT DCH273NT-XJ — Perforateur SDS Plus 18V DCH273NT-XJ;586,07;Perforateurs;aucune annonce idealo trouvée pour ce modèle sur les 67 pages
DCD996NT-XJ;DeWALT DCD996NT-XJ — Perceuse-visseuse à percussions 18V DCD996NT-XJ;450,40;Perçage, vissage et boulonnage;aucune annonce idealo trouvée pour ce modèle sur les 67 pages
DCLE34021D1-QW;DeWALT DCLE34021D1-QW — Laser croix compact faisceau vert XR 18V DCLE34021D1-QW;446,81;Accessoires;aucune annonce idealo trouvée pour ce modèle sur les 67 pages
DPC10RC-QS;DeWALT DPC10RC-QS — Compresseur 10L DPC10RC-QS ROLLCAGE;427,04;Accessoires;aucune annonce idealo trouvée pour ce modèle sur les 67 pages
DCLE14201RB-XJ;DeWALT DCLE14201RB-XJ — Niveau laser croix faisceau rouge DCLE14201RB-XJ;413,52;Accessoires;aucune annonce idealo trouvée pour ce modèle sur les 67 pages
DCLE34021N-XJ;DeWALT DCLE34021N-XJ — Laser croix compact faisceau vert XR 18V DCLE34021N-XJ;390,18;Accessoires;aucune annonce idealo trouvée pour ce modèle sur les 67 pages
DCD800N-XJ;DeWALT DCD800N-XJ — Perceuse-visseuse 18V DCD800N-XJ;376,60;Perçage, vissage et boulonnage;aucune annonce idealo trouvée pour ce modèle sur les 67 pages
DCD796N-XJ;DeWALT DCD796N-XJ — Perceuse visseuse à percussion 18V DCD796N-XJ;327,47;Perçage, vissage et boulonnage;aucune annonce idealo trouvée pour ce modèle sur les 67 pages
DCS367NT-XJ;DeWALT DCS367NT-XJ — Scie sabre XR 18V DCS367NT-XJ;322,51;Scies;aucune annonce idealo trouvée pour ce modèle sur les 67 pages
DCP580NT-XJ;DeWALT DCP580NT-XJ — Rabot XR 18V DCP580NT-XJ;310,10;Rabots;aucune annonce idealo trouvée pour ce modèle sur les 67 pages
DCF870NT-XJ;DeWALT DCF870NT-XJ — Visseuse à chocs hydraulique 18V DCF870NT-XJ;300,22;Perçage, vissage et boulonnage;aucune annonce idealo trouvée pour ce modèle sur les 67 pages
DW088K-XJ;DeWALT DW088K-XJ — Niveau laser croix DW088K-XJ;290,54;Accessoires;aucune annonce idealo trouvée pour ce modèle sur les 67 pages
DCS334N-XJ;DeWALT DCS334N-XJ — Scie sauteuse 18V DCS334N-XJ;285,53;Scies;aucune annonce idealo trouvée pour ce modèle sur les 67 pages
DCH172N-XJ;DeWALT DCH172N-XJ — Perforateur SDS Plus 18V DCH172N-XJ;266,98;Perforateurs;aucune annonce idealo trouvée pour ce modèle sur les 67 pages
DCG405NT-XJ;DeWALT DCG405NT-XJ — Meuleuse Ø125 mm 18V DCG405NT-XJ;254,68;Meulage, découpe et polissage;aucune annonce idealo trouvée pour ce modèle sur les 67 pages
DCF850NT-XJ;DeWALT DCF850NT-XJ — Visseuse à chocs DCF850NT-XJ;254,68;Perçage, vissage et boulonnage;aucune annonce idealo trouvée pour ce modèle sur les 67 pages
DCF922NT-XJ;"DeWALT DCF922NT-XJ — Boulonneuse 18V 1/2"" DCF922NT-XJ";249,84;Perçage, vissage et boulonnage;aucune annonce idealo trouvée pour ce modèle sur les 67 pages
DCS369N-XJ;DeWALT DCS369N-XJ — Scie sabre 18V DCS369N-XJ;231,32;Scies;aucune annonce idealo trouvée pour ce modèle sur les 67 pages
DCW210NT-XJ;DeWALT DCW210NT-XJ — Ponceuse Ø125 mm 18V DCW210NT-XJ;231,32;Meulage, découpe et polissage;aucune annonce idealo trouvée pour ce modèle sur les 67 pages
DCD805N-XJ;DeWALT DCD805N-XJ — Perceuse-visseuse à percussion 18V DCD805N-XJ;205,50;Perçage, vissage et boulonnage;aucune annonce idealo trouvée pour ce modèle sur les 67 pages
DCD794NT-XJ;DeWALT DCD794NT-XJ — Perceuse-visseuse 18V DCD794NT-XJ;202,98;Perçage, vissage et boulonnage;aucune annonce idealo trouvée pour ce modèle sur les 67 pages
DCD791NT-XJ;DeWALT DCD791NT-XJ — Perceuse-visseuse 18V DCD791NT-XJ;195,65;Perçage, vissage et boulonnage;aucune annonce idealo trouvée pour ce modèle sur les 67 pages
DCF6202-XJ;DeWALT DCF6202-XJ — Chargeur de vis à bande DCF6202-XJ;192,07;Batteries et chargeurs;aucune annonce idealo trouvée pour ce modèle sur les 67 pages
DCF887NT-XJ;DeWALT DCF887NT-XJ — Visseuse à chocs 18V DCF887NT-XJ;184,60;Perçage, vissage et boulonnage;aucune annonce idealo trouvée pour ce modèle sur les 67 pages
DCD799N-XJ;DeWALT DCD799N-XJ — Perceuse-visseuse à percussion 18V DCD799N-XJ;174,66;Perçage, vissage et boulonnage;aucune annonce idealo trouvée pour ce modèle sur les 67 pages
D26411-QS;DeWALT D26411-QS — Décapeur thermique 1800 W D26411-QS;129,14;Accessoires;aucune annonce idealo trouvée pour ce modèle sur les 67 pages
DCB118-QW;DeWALT DCB118-QW — Chargeur rapide 18 à 54V DCB118-QW;125,45;Batteries et chargeurs;aucune annonce idealo trouvée pour ce modèle sur les 67 pages
DWST60103-1;DeWALT DWST60103-1 — Sac à outils DWST60103-1;119,32;Rangements;aucune annonce idealo trouvée pour ce modèle sur les 67 pages
DCB116-QW;DeWALT DCB116-QW — Chargeur 12-54V DCB116-QW;106,98;Batteries et chargeurs;aucune annonce idealo trouvée pour ce modèle sur les 67 pages
DT3796-QZ;DeWALT DT3796-QZ — Plateau de surfaçage pour la pierre Ø125 mm M14 double DT3796-QZ;106,98;Accessoires;aucune annonce idealo trouvée pour ce modèle sur les 67 pages
DW055PL-XJ;DeWALT DW055PL-XJ — Télémètre laser de poche 16m DW055PL-XJ;106,98;Accessoires;aucune annonce idealo trouvée pour ce modèle sur les 67 pages
DT1473-QZ;DeWALT DT1473-QZ — DT1473-QZ;121,91;Quincaillerie;aucune annonce idealo trouvée pour ce modèle sur les 67 pages
DT60826-QZ;DeWALT DT60826-QZ — SDS-max 25x920x790 mm DT60826-QZ;121,91;Quincaillerie;aucune annonce idealo trouvée pour ce modèle sur les 67 pages
DNN2045E;DeWALT DNN2045E — DNN2045E Coil Clou 2.03-45 Plain 17,5 m;122,28;Quincaillerie;aucune annonce idealo trouvée pour ce modèle sur les 67 pages
DT60840-QZ;DeWALT DT60840-QZ — SDS-max 36x570x440 mm DT60840-QZ;125,57;Quincaillerie;aucune annonce idealo trouvée pour ce modèle sur les 67 pages
DWA1790IR;DeWALT DWA1790IR — DWA1790IR Lot de 3 forets étagés;130,20;Quincaillerie;aucune annonce idealo trouvée pour ce modèle sur les 67 pages
DWA1789IR;"DeWALT DWA1789IR — Jeu de forets étagés, 7/8"" à 1-1/8"" (DWA1789IR)";130,48;Quincaillerie;aucune annonce idealo trouvée pour ce modèle sur les 67 pages
DT8267;DeWALT DT8267 — Scie Cloche Bi-Métallique 210 mm (DT8267);146,48;Quincaillerie;aucune annonce idealo trouvée pour ce modèle sur les 67 pages
AW3517;DeWALT AW3517 — Référence AW3517 — descriptif à compléter;150,85;Quincaillerie;aucune annonce idealo trouvée pour ce modèle sur les 67 pages
DN275-XJ;DeWALT DN275-XJ — DN275-XJ Clou Duplex 21° (8D) À Liant Plastique - 57/70 X 3,3 Mm - 2000 Pièces;151,08;Quincaillerie;aucune annonce idealo trouvée pour ce modèle sur les 67 pages
DWST83412-1;DeWALT DWST83412-1 — Tour Tstak DWST83412-1;325,56;Quincaillerie;aucune annonce idealo trouvée pour ce modèle sur les 67 pages
DCB117-QW;DeWALT DCB117-QW — DCB117-QW;144,20;Batteries et chargeurs;aucune annonce idealo trouvée pour ce modèle sur les 67 pages
HYQ01;DeWALT HYQ01 — Outils électriques multifonctionnels DeWalt sans fil, meuleuse d'angle sans balais, coupeur, clé électrique, polisseuse,;144,54;Meulage, découpe et polissage;aucune annonce idealo trouvée pour ce modèle sur les 67 pages
DCE4500;DeWALT DCE4500 — Tête d'outil réglable en cuivre de 2,2 cm pour DCE4500 (DCE450078);145,08;Combos;aucune annonce idealo trouvée pour ce modèle sur les 67 pages
D279017;DeWALT D279017 — 5 sacs à poussière D279017;146,96;Rangements;aucune annonce idealo trouvée pour ce modèle sur les 67 pages
DWE20V;DeWALT DWE20V — Batterie Dewalt originale 60V/20V, batterie 5AH 6AH 9AH, batterie pour outils électriques DeWalt série DCF DCD DCG DCS D;146,99;Batteries et chargeurs;aucune annonce idealo trouvée pour ce modèle sur les 67 pages
DXBC9002;DeWALT DXBC9002 — DXBC9002 Lot de 2 Sangles à cliquet rétractables automatiques de 5,1 cm x 3 m - Charge de Travail sûre de 0,5 kg/;151,28;Perçage, vissage et boulonnage;aucune annonce idealo trouvée pour ce modèle sur les 67 pages
DWT2151643;DeWALT DWT2151643 — Telecoms Powerbank 2 ports 10000mAh (DWT2151643);164,74;Batteries et chargeurs;aucune annonce idealo trouvée pour ce modèle sur les 67 pages
DCF787N-SFXJ;DeWALT DCF787N-SFXJ — Visseuse à choc sans fil brushless DeWalt DCF787N-SFXJ 18V Li-ion XR - Sans batterie;168,68;Perçage, vissage et boulonnage;aucune annonce idealo trouvée pour ce modèle sur les 67 pages
DXCMS15RE;DeWALT DXCMS15RE — DXCMS15RE Compresseur Silencieux Sans Huile - 5 L - 10 Bars;341,15;Accessoires;aucune annonce idealo trouvée pour ce modèle sur les 67 pages
DCK285M2;DeWALT DCK285M2 — DCK285M2;1468,98;Combos;aucune annonce idealo trouvée pour ce modèle sur les 67 pages
