Suffixe non reconnu;Vu chez idealo;Vu sur MON site;Verdict;Préfixes concernés;Exemple
K;50;41;CODE CONSTRUCTEUR REEL — present des deux cotes;D DWE DW DWS DCB DWD;D25033K
E;11;21;CODE CONSTRUCTEUR REEL — present des deux cotes;DXRH DXWDMMA DXGNI DXGNP DXPW DW DNN DNW DNF DXWDCUT;DXRH012E
PS;10;9;CODE CONSTRUCTEUR REEL — present des deux cotes;DPC DWK;DPC17PS
B;4;12;CODE CONSTRUCTEUR REEL — present des deux cotes;DCD DT DCLE DCS DCHJ DCE DCF DCPW DCPR DCC;DCD701B
KT;9;5;CODE CONSTRUCTEUR REEL — present des deux cotes;DWE DW DWS;DWE315KT
NK;6;5;CODE CONSTRUCTEUR REEL — present des deux cotes;DCH DCGG DCE DCG DCD;DCH263NK-XJ
P;5;5;CODE CONSTRUCTEUR REEL — present des deux cotes;DXV EUDXV DCF R;DXV20P
D1R;6;4;CODE CONSTRUCTEUR REEL — present des deux cotes;DCE;DCE0822D1R
SZ;1;7;CODE CONSTRUCTEUR REEL — present des deux cotes;DNBDA DNBA DNBT;DNBDA1550SZ
NG18;4;4;CODE CONSTRUCTEUR REEL — present des deux cotes;DCE;DCE088NG18-XJ
S;4;3;CODE CONSTRUCTEUR REEL — present des deux cotes;DW DWE D DWD;DW099S-XJ
S2T;6;1;CODE CONSTRUCTEUR REEL — present des deux cotes;DCD DCK DCG;DCD777S2T
GB;3;4;CODE CONSTRUCTEUR REEL — present des deux cotes;DCLE;DCLE14201GB
DH;3;3;CODE CONSTRUCTEUR REEL — present des deux cotes;D DWH;D25304DH
PB;4;2;CODE CONSTRUCTEUR REEL — present des deux cotes;DCM DXV;DCM563PB-XJ
KS;3;3;CODE CONSTRUCTEUR REEL — present des deux cotes;DWD;DWD524KS
C;3;3;CODE CONSTRUCTEUR REEL — present des deux cotes;DPN;DPN64C-XJ
PK;3;2;CODE CONSTRUCTEUR REEL — present des deux cotes;DWE DW;DWE305PK
KN;3;2;CODE CONSTRUCTEUR REEL — present des deux cotes;DW;DW275KN
L;3;2;CODE CONSTRUCTEUR REEL — present des deux cotes;DCV DWV;DCV584L-QW
PP;2;2;CODE CONSTRUCTEUR REEL — present des deux cotes;DPN;DPN1850PP-XJ
A;2;2;CODE CONSTRUCTEUR REEL — present des deux cotes;DXV DXF;DXV15A
EN;4;0;vu SEULEMENT chez idealo — a confirmer;DCF;DCF503EN
HE;2;2;CODE CONSTRUCTEUR REEL — present des deux cotes;DXCMS;DXCMS2524HE
D1G18;4;0;vu SEULEMENT chez idealo — a confirmer;DCE;DCE088D1G18-QW
R;2;2;CODE CONSTRUCTEUR REEL — present des deux cotes;DWE DCLE;DWE4579R-QS
KD;2;1;CODE CONSTRUCTEUR REEL — present des deux cotes;DWE DW;DWE4156KD
CG;2;1;CODE CONSTRUCTEUR REEL — present des deux cotes;DW;DW088CG
VSN;2;1;CODE CONSTRUCTEUR REEL — present des deux cotes;DCG;DCG416VSN-XJ
X;2;1;CODE CONSTRUCTEUR REEL — present des deux cotes;DWP DCMHT;DWP849X
RE;1;2;CODE CONSTRUCTEUR REEL — present des deux cotes;DXCMS;DXCMS156RE
U;1;2;CODE CONSTRUCTEUR REEL — present des deux cotes;DXPW;DXPW002U-QS
D2KX;2;1;CODE CONSTRUCTEUR REEL — present des deux cotes;DCK WDCK;DCK791D2KX
B1G;0;3;vu SEULEMENT sur mon site — vient de mon fournisseur;DFS;DFS9200B1G-QZ
V;0;3;vu SEULEMENT sur mon site — vient de mon fournisseur;XR DWE GBH;XR18V
LN;1;1;CODE CONSTRUCTEUR REEL — present des deux cotes;DCV;DCV501LN-XJ
PTA;1;1;CODE CONSTRUCTEUR REEL — present des deux cotes;DXV;DXV20PTA
SAPTA;1;1;CODE CONSTRUCTEUR REEL — present des deux cotes;DXV;DXV30SAPTA
PE;1;1;CODE CONSTRUCTEUR REEL — present des deux cotes;DXCMD;DXCMD155PE
KP;2;0;vu SEULEMENT chez idealo — a confirmer;D;D25134KP
MRC;1;1;CODE CONSTRUCTEUR REEL — present des deux cotes;DPC;DPC6MRC-QS
RN;1;1;CODE CONSTRUCTEUR REEL — present des deux cotes;DPN;DPN46RN-XJ
D2K;2;0;vu SEULEMENT chez idealo — a confirmer;DCF DCD;DCF620D2K-QW
E1K;2;0;vu SEULEMENT chez idealo — a confirmer;DCF DCGG;DCF620E1K
APP;1;1;CODE CONSTRUCTEUR REEL — present des deux cotes;DPN;DPN1564APP
P2K;1;1;CODE CONSTRUCTEUR REEL — present des deux cotes;DCF;DCF620P2K-QW
P2KT;1;1;CODE CONSTRUCTEUR REEL — present des deux cotes;DCZ;DCZ100P2KT-QW
RC;1;1;CODE CONSTRUCTEUR REEL — present des deux cotes;DPC;DPC10RC-QS
QTC;1;1;CODE CONSTRUCTEUR REEL — present des deux cotes;DPC;DPC10QTC-QS
ME;2;0;vu SEULEMENT chez idealo — a confirmer;DXPW;DXPW001ME
M2K;2;0;vu SEULEMENT chez idealo — a confirmer;DCF;DCF620M2K
XN;1;1;CODE CONSTRUCTEUR REEL — present des deux cotes;DCH;DCH832XN-XJ
DM;1;1;CODE CONSTRUCTEUR REEL — present des deux cotes;DCK;DCK308DM
P2LRT;2;0;vu SEULEMENT chez idealo — a confirmer;DCF DCD;DCF891P2LRT
CE;1;1;CODE CONSTRUCTEUR REEL — present des deux cotes;DXPW;DXPW001CE
M50HE;1;1;CODE CONSTRUCTEUR REEL — present des deux cotes;DXCMB;DXCMB2M50HE
H;2;0;vu SEULEMENT chez idealo — a confirmer;DWV;DWV905H-QS
XPS;1;1;CODE CONSTRUCTEUR REEL — present des deux cotes;D;D27107XPS
D1RS;1;1;CODE CONSTRUCTEUR REEL — present des deux cotes;DCE;DCE080D1RS
IN1;1;1;CODE CONSTRUCTEUR REEL — present des deux cotes;DPSB;DPSB2IN1-XJ
IR;0;2;vu SEULEMENT sur mon site — vient de mon fournisseur;DWA;DWA1790IR
PA;1;0;vu SEULEMENT chez idealo — a confirmer;DXV;DXV20PA
S2;1;0;vu SEULEMENT chez idealo — a confirmer;DCD;DCD771S2-QW
TA;1;0;vu SEULEMENT chez idealo — a confirmer;DXV;DXV15TA
NT-SOLO;1;0;vu SEULEMENT chez idealo — a confirmer;DCH;DCH172NT-SOLO
KTRI;1;0;vu SEULEMENT chez idealo — a confirmer;DW;DW088KTRI
DUO2;1;0;vu SEULEMENT chez idealo — a confirmer;DWE;DWE492DUO2
PLPTA;1;0;vu SEULEMENT chez idealo — a confirmer;DXV;DXV23PLPTA
FNT;1;0;vu SEULEMENT chez idealo — a confirmer;DCG;DCG405FNT-XJ
VSNT;1;0;vu SEULEMENT chez idealo — a confirmer;DCG;DCG409VSNT-XJ
HNT;1;0;vu SEULEMENT chez idealo — a confirmer;DCF;DCF899HNT-XJ
XR;1;0;vu SEULEMENT chez idealo — a confirmer;DCS;DCS391XR
TWIN;1;0;vu SEULEMENT chez idealo — a confirmer;DWE;DWE494TWIN
M2TA;1;0;vu SEULEMENT chez idealo — a confirmer;DCD;DCD777M2TA
HN;1;0;vu SEULEMENT chez idealo — a confirmer;DCF;DCF899HN-XJ
CGTRI;1;0;vu SEULEMENT chez idealo — a confirmer;DW;DW088CGTRI
SDT;1;0;vu SEULEMENT chez idealo — a confirmer;DWE;DWE492SDT-QS
GA;1;0;vu SEULEMENT chez idealo — a confirmer;DXV;DXV23GA
KPOL;1;0;vu SEULEMENT chez idealo — a confirmer;DW;DW088KPOL
YP2T;1;0;vu SEULEMENT chez idealo — a confirmer;DCD;DCD100YP2T
VE;1;0;vu SEULEMENT chez idealo — a confirmer;DXCMS;DXCMS2550VE
KR;1;0;vu SEULEMENT chez idealo — a confirmer;DWE;DWE576KR-QS
SHDN;1;0;vu SEULEMENT chez idealo — a confirmer;DCG;DCG418SHDN-XJ
HP1T;1;0;vu SEULEMENT chez idealo — a confirmer;DCF;DCF899HP1T
P2X;1;0;vu SEULEMENT chez idealo — a confirmer;DCH;DCH133P2X
D2TA;1;0;vu SEULEMENT chez idealo — a confirmer;DCD;DCD778D2TA
HP2;1;0;vu SEULEMENT chez idealo — a confirmer;DCF;DCF899HP2-QW
SM;1;0;vu SEULEMENT chez idealo — a confirmer;DPN;DPN9033SM
DTS;1;0;vu SEULEMENT chez idealo — a confirmer;DXPW;DXPW001DTS
MK;1;0;vu SEULEMENT chez idealo — a confirmer;DCV;DCV586MK-XJ
KTR;1;0;vu SEULEMENT chez idealo — a confirmer;DWS;DWS520KTR
VST1;1;0;vu SEULEMENT chez idealo — a confirmer;DCG;DCG409VST1
WW1T;1;0;vu SEULEMENT chez idealo — a confirmer;DCD;DCD1007WW1T
P3K;1;0;vu SEULEMENT chez idealo — a confirmer;DCD;DCD791P3K
P3A;1;0;vu SEULEMENT chez idealo — a confirmer;DCD;DCD791P3A-QW
P2B;1;0;vu SEULEMENT chez idealo — a confirmer;DCD;DCD792P2B
NB;1;0;vu SEULEMENT chez idealo — a confirmer;DCE;DCE800NB-XJ
RNN;1;0;vu SEULEMENT chez idealo — a confirmer;DCN;DCN45RNN
DCD;1;0;vu SEULEMENT chez idealo — a confirmer;DCMHT;DCMHT563DCD-QW
RNNT;1;0;vu SEULEMENT chez idealo — a confirmer;DCN;DCN45RNNT-XJ
RS;1;0;vu SEULEMENT chez idealo — a confirmer;DWE;DWE7485RS-QS
RND2;1;0;vu SEULEMENT chez idealo — a confirmer;DCN;DCN45RND2-QW
MKIT;1;0;vu SEULEMENT chez idealo — a confirmer;DWV;DWV905MKIT-QS
T2R;1;0;vu SEULEMENT chez idealo — a confirmer;DCS;DCS520T2R
D1GS;1;0;vu SEULEMENT chez idealo — a confirmer;DCE;DCE080D1GS-QW
X3HD;1;0;vu SEULEMENT chez idealo — a confirmer;FVK;FVK381X3HD-QW
LR;1;0;vu SEULEMENT chez idealo — a confirmer;DCB;DCB184LR
N-XJ;0;1;vu SEULEMENT sur mon site — vient de mon fournisseur;DCMPH;DCMPH566N-XJ-XJ
RB;0;1;vu SEULEMENT sur mon site — vient de mon fournisseur;DCLE;DCLE14201RB-XJ
PL;0;1;vu SEULEMENT sur mon site — vient de mon fournisseur;DW;DW055PL-XJ
G12Z;0;1;vu SEULEMENT sur mon site — vient de mon fournisseur;DNPT;DNPT3190G12Z
R63G12Z;0;1;vu SEULEMENT sur mon site — vient de mon fournisseur;DNPT;DNPT28R63G12Z
R90E;0;1;vu SEULEMENT sur mon site — vient de mon fournisseur;DNW;DNW31R90E
R90G12Z;0;1;vu SEULEMENT sur mon site — vient de mon fournisseur;DNPT;DNPT31R90G12Z
R63G12E;0;1;vu SEULEMENT sur mon site — vient de mon fournisseur;DNW;DNW28R63G12E
R45E;0;1;vu SEULEMENT sur mon site — vient de mon fournisseur;DNN;DNN20R45E
R40GZ;0;1;vu SEULEMENT sur mon site — vient de mon fournisseur;DNM;DNM40R40GZ
GZ;0;1;vu SEULEMENT sur mon site — vient de mon fournisseur;DNR;DNR3125GZ
QZ;0;1;vu SEULEMENT sur mon site — vient de mon fournisseur;DT;DT4358QZ
SET;0;1;vu SEULEMENT sur mon site — vient de mon fournisseur;DWA;DWA427SET
SE;0;1;vu SEULEMENT sur mon site — vient de mon fournisseur;DSTSX;DSTSX35SE
/8;0;1;vu SEULEMENT sur mon site — vient de mon fournisseur;D;D125/8
FFMLP3;0;1;vu SEULEMENT sur mon site — vient de mon fournisseur;DXIR;DXIR1FFMLP3
R70S316E;0;1;vu SEULEMENT sur mon site — vient de mon fournisseur;DNF;DNF25R70S316E
N-SFXJ;0;1;vu SEULEMENT sur mon site — vient de mon fournisseur;DCF;DCF787N-SFXJ
W;0;1;vu SEULEMENT sur mon site — vient de mon fournisseur;QT;QT960W
BC;0;1;vu SEULEMENT sur mon site — vient de mon fournisseur;DCB;DCB283BC
LRT;0;1;vu SEULEMENT sur mon site — vient de mon fournisseur;P;P2LRT
WP2T;0;1;vu SEULEMENT sur mon site — vient de mon fournisseur;XR;XR2WP2T
M100HE;0;1;vu SEULEMENT sur mon site — vient de mon fournisseur;DXCMB;DXCMB3M100HE
T200HE;0;1;vu SEULEMENT sur mon site — vient de mon fournisseur;DXCMB;DXCMB4T200HE
T271HCE;0;1;vu SEULEMENT sur mon site — vient de mon fournisseur;DXCMB;DXCMB55T271HCE
T270HCE;0;1;vu SEULEMENT sur mon site — vient de mon fournisseur;DXCMB;DXCMB75T270HCE
